{"offline_id": "fd94fa00387a452681d04ba3f3229962", "project_name": "yolov5", "start_time": 1674141981275, "stop_time": 1674141985351, "tags": [], "workspace": null, "resume_strategy": "create", "customer_error_reported": true, "customer_error_message": "Unexpected error detected in the user script: Exception('\\x1b[34m\\x1b[1mtrain: \\x1b[0mError loading data from /home/student3/unaugmented_version/yolov5/yolov5/Hoverfly-Detection-2/train/images: \\x1b[34m\\x1b[1mtrain: \\x1b[0m/home/student3/unaugmented_version/yolov5/yolov5/Hoverfly-Detection-2/train/images does not exist\\nSee https://github.com/ultralytics/yolov5/wiki/Train-Custom-Data')"}