{"offline_id": "8138f8ff9bc3439bba3b81843a3012eb", "project_name": "yolov5", "start_time": 1674141842605, "stop_time": 1674141848677, "tags": [], "workspace": null, "resume_strategy": "create", "customer_error_reported": true, "customer_error_message": "Unexpected error detected in the user script: Exception('\\x1b[34m\\x1b[1mtrain: \\x1b[0mError loading data from /home/student3/unaugmented_version/Hoverfly-Detection-2/Hoverfly-Detection-2/train/images: \\x1b[34m\\x1b[1mtrain: \\x1b[0m/home/student3/unaugmented_version/Hoverfly-Detection-2/Hoverfly-Detection-2/train/images does not exist\\nSee https://github.com/ultralytics/yolov5/wiki/Train-Custom-Data')"}