{"payload":{"installed_packages":["absl-py==1.4.0","alabaster==0.7.8","appdirs==1.4.3","astroid==2.3.3","attrs==19.3.0","automat==0.8.0","babel==2.6.0","backcall==0.1.0","bleach==3.1.1","blinker==1.4","cachetools==5.2.1","certifi==2022.12.7","chardet==4.0.0","charset-normalizer==3.0.1","click==7.0","cloudpickle==1.3.0","colorama==0.4.3","comet-ml==3.31.22","command-not-found==0.3","configobj==5.0.6","constantly==15.1.0","contourpy==1.0.7","cryptography==2.8","cycler==0.10.0","dbus-python==1.2.16","decorator==4.4.2","defusedxml==0.6.0","distlib==0.3.0","distro-info==0.23ubuntu1","distro==1.4.0","docutils==0.16","dulwich==0.21.1","entrypoints==0.3","everett==3.1.0","filelock==3.0.12","fonttools==4.38.0","gitdb==4.0.10","gitpython==3.1.30","glob2==0.7","google-auth-oauthlib==0.4.6","google-auth==2.16.0","grpcio==1.51.1","html5lib==1.0.1","httplib2==0.14.0","hyperlink==19.0.0","idna==2.10","imagesize==1.2.0","importlib-metadata==6.0.0","incremental==16.10.1","ipykernel==5.2.0","ipython-genutils==0.2.0","ipython==7.13.0","isort==4.3.4","jedi==0.15.2","jinja2==2.10.1","jsonschema==3.2.0","jupyter-client==6.1.2","jupyter-core==4.6.3","keyring==18.0.1","kiwisolver==1.4.4","language-selector==0.1","launchpadlib==1.10.13","lazr.restfulclient==0.14.2","lazr.uri==1.0.3","lazy-object-proxy==1.4.3","logilab-common==1.4.3","markdown==3.4.1","markupsafe==2.1.1","matplotlib==3.6.3","mccabe==0.6.1","mistune==0.8.4","mock==3.0.5","more-itertools==4.2.0","nbconvert==5.6.1","nbformat==5.0.4","netifaces==0.10.4","numpy==1.24.1","numpydoc==0.7.0","nvidia-cublas-cu11==11.10.3.66","nvidia-cuda-nvrtc-cu11==11.7.99","nvidia-cuda-runtime-cu11==11.7.99","nvidia-cudnn-cu11==8.5.0.96","oauthlib==3.1.0","olefile==0.46","opencv-python-headless==4.7.0.68","opencv-python==4.7.0.68","packaging==20.3","pandas==1.5.2","pandocfilters==1.4.2","parso==0.5.2","pbr==5.4.5","pexpect==4.6.0","pickleshare==0.7.5","pillow==9.4.0","pip==20.0.2","prompt-toolkit==2.0.10","protobuf==3.20.3","psutil==5.5.1","pyasn1-modules==0.2.1","pyasn1==0.4.2","pycodestyle==2.5.0","pycrypto==2.6.1","pycurl==7.43.0.2","pyflakes==2.1.1","pygments==2.3.1","pygobject==3.36.0","pyhamcrest==1.9.0","pyjwt==1.7.1","pylint==2.4.4","pyopenssl==19.0.0","pyparsing==2.4.7","pyqt5==5.14.1","pyrsistent==0.15.5","pysvn==1.9.9","python-apt==2.0.0+ubuntu0.20.4.7","python-dateutil==2.8.2","python-debian==0.1.36ubuntu1","python-dotenv==0.21.0","pytz==2022.7.1","pyyaml==5.3.1","pyzmq==18.1.1","qtawesome==0.4.4","qtconsole==4.6.0","qtpy==1.9.0","requests-oauthlib==1.3.1","requests-toolbelt==0.10.1","requests-unixsocket==0.2.0","requests==2.28.2","roboflow==0.2.25","roman==2.0.0","rope==0.10.5","rsa==4.9","scipy==1.10.0","screen-resolution-extra==0.0.0","seaborn==0.12.2","secretstorage==2.3.1","semantic-version==2.10.0","sentry-sdk==1.13.0","service-identity==18.1.0","setuptools==45.2.0","simplejson==3.16.0","sip==4.19.21","six==1.14.0","smmap==5.0.0","sos==4.3","sphinx==1.8.5","spyder-kernels==0.5.2","spyder==3.3.6","ssh-import-id==5.10","systemd-python==234","tensorboard-data-server==0.6.1","tensorboard-plugin-wit==1.8.1","tensorboard==2.11.2","testpath==0.4.4","thop==0.1.1.post2209072238","torch==1.13.1","torchvision==0.14.1","tornado==5.1.1","tqdm==4.64.1","traitlets==4.3.3","twisted==18.9.0","typing-extensions==4.4.0","ubuntu-advantage-tools==27.9","ufw==0.36","unattended-upgrades==0.1","urllib3==1.26.14","virtualenv==20.0.17","wadllib==1.3.3","wcwidth==0.1.8","webencodings==0.5.1","websocket-client==1.3.3","werkzeug==2.2.2","wget==3.2","wheel==0.34.2","wrapt==1.11.2","wurlitzer==3.0.3","xkit==0.0.0","zipp==1.0.0","zope.interface==4.7.1"],"local_timestamp":1674041635578},"type":"ws_msg"}
{"payload":{"local_timestamp":1674041635596,"os_packages":["accountsservice=0.6.55-0ubuntu12~20.04.5","acl=2.2.53-6","acpid=1:2.0.32-1ubuntu1","adduser=3.118ubuntu2","adwaita-icon-theme=3.36.1-2ubuntu0.20.04.2","alsa-topology-conf=1.2.2-1","alsa-ucm-conf=1.2.2-1ubuntu0.13","amd64-microcode=3.20191218.1ubuntu1","apg=2.2.3.dfsg.1-5","apparmor=2.13.3-7ubuntu5.1","apport-symptoms=0.23","apport=2.20.11-0ubuntu27.24","apt-transport-https=2.0.9","apt-utils=2.0.9","apt=2.0.9","aptitude-common=0.8.12-1ubuntu4","aptitude=0.8.12-1ubuntu4","aspell-en=2018.04.16-0-1","at-spi2-core=2.36.0-2","at=3.1.23-1ubuntu1","auth-client-config=0.9ubuntu1","autofs=5.1.6-2ubuntu0.1","avahi-daemon=0.7-4ubuntu7.1","base-files=11ubuntu5.5","base-passwd=3.5.47","bash-completion=1:2.10-1ubuntu1","bash=5.0-6ubuntu1.2","bc=1.07.1-2build1","bcache-tools=1.0.8-3ubuntu0.1","bind9-dnsutils=1:9.16.1-0ubuntu2.10","bind9-host=1:9.16.1-0ubuntu2.10","bind9-libs=1:9.16.1-0ubuntu2.10","binutils-common=2.34-6ubuntu1.3","binutils-x86-64-linux-gnu=2.34-6ubuntu1.3","binutils=2.34-6ubuntu1.3","blt=2.5.3+dfsg-4","bluez=5.53-0ubuntu3.3","bolt=0.9.1-2~ubuntu20.04.1","bsdmainutils=11.1.2ubuntu3","bsdutils=1:2.34-0.1ubuntu9.3","btrfs-progs=5.4.1-2","bubblewrap=0.4.0-1ubuntu4","build-essential=12.8ubuntu1.1","busybox-initramfs=1:1.30.1-4ubuntu6.4","busybox-static=1:1.30.1-4ubuntu6.4","byobu=5.133-0ubuntu1","bzip2-doc=1.0.8-2","bzip2=1.0.8-2","ca-certificates-java=20190405ubuntu1","ca-certificates=20211016~20.04.1","cgroupfs-mount=1.4","cloud-guest-utils=0.31-7-gd99b2d76-0ubuntu1","cloud-initramfs-copymods=0.45ubuntu2","cloud-initramfs-dyn-netconf=0.45ubuntu2","colord=1.4.4-2","command-not-found-data=18.04.5","command-not-found=20.04.6","console-setup-linux=1.194ubuntu3","console-setup=1.194ubuntu3","containerd.io=1.6.7-1","coreutils=8.30-3ubuntu2","cpio=2.13+dfsg-2ubuntu0.3","cpp-7=7.5.0-6ubuntu2","cpp-9=9.4.0-1ubuntu1~20.04.1","cpp=4:9.3.0-1ubuntu2","cracklib-runtime=2.9.6-3.2","crda=3.18-1build1","cron=3.0pl1-136ubuntu1","cryptsetup-bin=2:2.2.2-3ubuntu2.4","cryptsetup-initramfs=2:2.2.2-3ubuntu2.4","cryptsetup-run=2:2.2.2-3ubuntu2.4","cryptsetup=2:2.2.2-3ubuntu2.4","cuda-11-2=11.2.2-1","cuda-command-line-tools-11-2=11.2.2-1","cuda-command-line-tools-8-0=8.0.61-1","cuda-command-line-tools-9-0=9.0.176-1","cuda-compiler-11-2=11.2.2-1","cuda-core-8-0=8.0.61-1","cuda-core-9-0=9.0.176.3-1","cuda-cublas-10-0=10.0.130-1","cuda-cublas-8-0=8.0.61.2-1","cuda-cudart-11-2=11.2.152-1","cuda-cudart-8-0=8.0.61-1","cuda-cudart-9-0=9.0.176-1","cuda-cudart-dev-11-2=11.2.152-1","cuda-cudart-dev-8-0=8.0.61-1","cuda-cudart-dev-9-0=9.0.176-1","cuda-cufft-10-0=10.0.130-1","cuda-cufft-8-0=8.0.61-1","cuda-cufft-9-0=9.0.176-1","cuda-cuobjdump-11-2=11.2.152-1","cuda-cupti-10-0=10.0.130-1","cuda-cupti-11-2=11.2.152-1","cuda-cupti-dev-11-2=11.2.152-1","cuda-curand-10-0=10.0.130-1","cuda-curand-8-0=8.0.61-1","cuda-curand-9-0=9.0.176-1","cuda-cusolver-10-0=10.0.130-1","cuda-cusolver-8-0=8.0.61-1","cuda-cusolver-9-0=9.0.176-1","cuda-cusparse-10-0=10.0.130-1","cuda-cusparse-8-0=8.0.61-1","cuda-cusparse-9-0=9.0.176-1","cuda-cuxxfilt-11-2=11.2.152-1","cuda-demo-suite-11-2=11.2.152-1","cuda-documentation-11-2=11.2.154-1","cuda-driver-dev-11-2=11.2.152-1","cuda-drivers-515=515.65.01-1","cuda-drivers=515.65.01-1","cuda-gdb-11-2=11.2.152-1","cuda-keyring=1.0-1","cuda-libraries-11-2=11.2.2-1","cuda-libraries-dev-11-2=11.2.2-1","cuda-memcheck-11-2=11.2.152-1","cuda-npp-8-0=8.0.61-1","cuda-npp-9-0=9.0.176-1","cuda-nsight-11-2=11.2.152-1","cuda-nsight-compute-10-0=10.0.130-1","cuda-nsight-compute-11-2=11.2.2-1","cuda-nsight-systems-11-2=11.2.2-1","cuda-nvcc-10-0=10.0.130-1","cuda-nvcc-11-2=11.2.152-1","cuda-nvdisasm-11-2=11.2.152-1","cuda-nvgraph-10-0=10.0.130-1","cuda-nvgraph-8-0=8.0.61-1","cuda-nvgraph-9-0=9.0.176-1","cuda-nvml-dev-11-2=11.2.152-1","cuda-nvprof-10-0=10.0.130-1","cuda-nvprof-11-2=11.2.152-1","cuda-nvprune-11-2=11.2.152-1","cuda-nvrtc-10-0=10.0.130-1","cuda-nvrtc-11-2=11.2.152-1","cuda-nvrtc-8-0=8.0.61-1","cuda-nvrtc-9-0=9.0.176-1","cuda-nvrtc-dev-11-2=11.2.152-1","cuda-nvtx-10-0=10.0.130-1","cuda-nvtx-11-2=11.2.152-1","cuda-nvvp-11-2=11.2.152-1","cuda-repo-ubuntu1604-8-0-local-cublas-performance-update=8.0.61-1","cuda-repo-ubuntu1604-8-0-local-ga2=8.0.61-1","cuda-repo-ubuntu1604=10.2.89-1","cuda-runtime-11-2=11.2.2-1","cuda-samples-11-2=11.2.152-1","cuda-sanitizer-11-2=11.2.152-1","cuda-toolkit-10-0=10.0.130-1","cuda-toolkit-11-2=11.2.2-1","cuda-toolkit-11-7-config-common=11.7.99-1","cuda-toolkit-11-7=11.7.1-1","cuda-toolkit-11-config-common=11.7.99-1","cuda-toolkit-8-0=8.0.61-1","cuda-toolkit-9-0=9.0.176-1","cuda-toolkit-config-common=11.7.99-1","cuda-tools-11-2=11.2.2-1","cuda-visual-tools-11-2=11.2.2-1","cuda-visual-tools-11-3=11.3.1-1","cuda-visual-tools-11-7=11.7.1-1","cuda-visual-tools-8-0=8.0.61-1","cuda-visual-tools-9-0=9.0.176-1","cups-pk-helper=0.2.6-1ubuntu3","curl=7.68.0-1ubuntu2.12","dash=0.5.10.2-6","dbus-user-session=1.12.16-2ubuntu2.2","dbus-x11=1.12.16-2ubuntu2.2","dbus=1.12.16-2ubuntu2.2","dconf-gsettings-backend=0.36.0-1","dconf-service=0.36.0-1","dctrl-tools=2.24-3","debconf-i18n=1.5.73","debconf=1.5.73","debianutils=4.9.1","default-jre-headless=2:1.11-72","default-jre=2:1.11-72","desktop-file-utils=0.24-1ubuntu3","dh-python=4.20191017ubuntu7","dictionaries-common=1.28.1","diffutils=1:3.7-3","dirmngr=2.2.19-3ubuntu2.2","distro-info-data=0.43ubuntu1.10","distro-info=0.23ubuntu1","dkms=2.8.1-5ubuntu2","dmeventd=2:1.02.167-1ubuntu1","dmidecode=3.2-3","dmsetup=2:1.02.167-1ubuntu1","dns-root-data=2019052802","dnsmasq-base=2.80-1.1ubuntu1.5","dnsutils=1:9.16.1-0ubuntu2.10","docbook-xml=4.5-9","docker-ce-cli=5:20.10.17~3-0~ubuntu-focal","docker-ce-rootless-extras=5:20.10.17~3-0~ubuntu-focal","docker-ce=5:20.10.17~3-0~ubuntu-focal","docker-scan-plugin=0.17.0~ubuntu-focal","docutils-common=0.16+dfsg-2","dosfstools=4.1-2","dpkg-dev=1.19.7ubuntu3.2","dpkg=1.19.7ubuntu3.2","e2fslibs=1.45.5-2ubuntu1.1","e2fsprogs-l10n=1.45.5-2ubuntu1.1","e2fsprogs=1.45.5-2ubuntu1.1","ebtables=2.0.11-3build1","ed=1.16-1","efibootmgr=17-1","eject=2.1.5+deb1+cvs20081104-14","emacsen-common=3.0.4","ethtool=1:5.4-1","evolution-data-server-common=3.36.5-0ubuntu1","evolution-data-server=3.36.5-0ubuntu1","fakeroot=1.24-1","fdisk=2.34-0.1ubuntu9.3","ffmpeg=7:4.2.7-0ubuntu0.1","file=1:5.38-4","finalrd=6~ubuntu20.04.1","findutils=4.7.0-1ubuntu1","fontconfig-config=2.13.1-2ubuntu3","fontconfig=2.13.1-2ubuntu3","fonts-dejavu-core=2.37-1","fonts-dejavu-extra=2.37-1","fonts-elusive-icons=2.0.0-4","fonts-font-awesome=5.0.10+really4.7.0~dfsg-1","fonts-mathjax=2.7.4+dfsg-1","fonts-ubuntu-console=0.83-4ubuntu1","fonts-ubuntu-font-family-console=1:0.83-4ubuntu1","friendly-recovery=0.2.41ubuntu0.20.04.1","ftp=0.17-34.1","fuse=2.9.9-3","fwupd-signed=1.27.1ubuntu7+1.2-2~20.04.1","fwupd=1.7.5-3~20.04.1","g++-9=9.4.0-1ubuntu1~20.04.1","g++=4:9.3.0-1ubuntu2","gawk=1:5.0.1+dfsg-1","gcc-10-base=10.3.0-1ubuntu1~20.04","gcc-10-base=10.3.0-1ubuntu1~20.04","gcc-7-base=7.5.0-6ubuntu2","gcc-7=7.5.0-6ubuntu2","gcc-8-base=8.4.0-3ubuntu2","gcc-9-base=9.4.0-1ubuntu1~20.04.1","gcc-9=9.4.0-1ubuntu1~20.04.1","gcc=4:9.3.0-1ubuntu2","gcr=3.36.0-2build1","gdisk=1.0.5-1","geoclue-2.0=2.5.6-0ubuntu1","geoip-database=20191224-2","gettext-base=0.19.8.1-10build1","gfortran-9=9.4.0-1ubuntu1~20.04.1","gfortran=4:9.3.0-1ubuntu2","gir1.2-accountsservice-1.0=0.6.55-0ubuntu12~20.04.5","gir1.2-atk-1.0=2.35.1-1ubuntu2","gir1.2-atspi-2.0=2.36.0-2","gir1.2-freedesktop=1.64.1-1~ubuntu20.04.1","gir1.2-gck-1=3.36.0-2build1","gir1.2-gcr-3=3.36.0-2build1","gir1.2-gdesktopenums-3.0=3.36.0-1ubuntu1","gir1.2-gdkpixbuf-2.0=2.40.0+dfsg-3ubuntu0.3","gir1.2-gdm-1.0=3.36.3-0ubuntu0.20.04.4","gir1.2-geoclue-2.0=2.5.6-0ubuntu1","gir1.2-glib-2.0=1.64.1-1~ubuntu20.04.1","gir1.2-gnomebluetooth-1.0=3.34.3-0ubuntu1","gir1.2-gnomedesktop-3.0=3.36.8-0ubuntu1","gir1.2-graphene-1.0=1.10.0-1build2","gir1.2-gtk-3.0=3.24.20-0ubuntu1.1","gir1.2-gweather-3.0=3.36.1-1~ubuntu20.04.1","gir1.2-ibus-1.0=1.5.22-2ubuntu2.1","gir1.2-json-1.0=1.4.4-2ubuntu2","gir1.2-mutter-6=3.36.9-0ubuntu0.20.04.2","gir1.2-nm-1.0=1.22.10-1ubuntu2.3","gir1.2-nma-1.0=1.8.24-1ubuntu3","gir1.2-packagekitglib-1.0=1.1.13-2ubuntu1.1","gir1.2-pango-1.0=1.44.7-2ubuntu4","gir1.2-polkit-1.0=0.105-26ubuntu1.3","gir1.2-rsvg-2.0=2.48.9-1ubuntu0.20.04.1","gir1.2-soup-2.4=2.70.0-1","gir1.2-upowerglib-1.0=0.99.11-1build2","git-man=1:2.25.1-1ubuntu3.5","git=1:2.25.1-1ubuntu3.5","gjs=1.64.5-0ubuntu0.20.04.01","glib-networking-common=2.64.2-1ubuntu0.1","glib-networking-services=2.64.2-1ubuntu0.1","glib-networking=2.64.2-1ubuntu0.1","gnome-desktop3-data=3.36.8-0ubuntu1","gnome-keyring=3.36.0-1ubuntu1","gnome-menus=3.13.3-11ubuntu1.1","gnome-power-manager=3.26.0-1","gnome-screensaver=3.6.1-8ubuntu3","gnome-session-common=3.28.1-0ubuntu3","gnome-settings-daemon-common=3.36.1-0ubuntu1.1","gnome-settings-daemon=3.36.1-0ubuntu1.1","gnome-shell-common=3.36.9-0ubuntu0.20.04.2","gnome-shell=3.36.9-0ubuntu0.20.04.2","gnome-user-share=3.34.0-2","gnupg-l10n=2.2.19-3ubuntu2.2","gnupg-utils=2.2.19-3ubuntu2.2","gnupg=2.2.19-3ubuntu2.2","gpg-agent=2.2.19-3ubuntu2.2","gpg-wks-client=2.2.19-3ubuntu2.2","gpg-wks-server=2.2.19-3ubuntu2.2","gpg=2.2.19-3ubuntu2.2","gpgconf=2.2.19-3ubuntu2.2","gpgsm=2.2.19-3ubuntu2.2","gpgv=2.2.19-3ubuntu2.2","grep=3.4-1","groff-base=1.22.4-4build1","grub-common=2.04-1ubuntu26.15","grub-efi-amd64-bin=2.04-1ubuntu44.2","grub-efi-amd64-signed=1.167.2+2.04-1ubuntu44.2","grub-efi-amd64=2.04-1ubuntu44.2","grub-legacy-ec2=1:1ubuntu1","grub2-common=2.04-1ubuntu26.15","gsettings-desktop-schemas=3.36.0-1ubuntu1","gstreamer1.0-plugins-base=1.16.3-0ubuntu1.1","gtk-update-icon-cache=3.24.20-0ubuntu1.1","gzip=1.10-0ubuntu4.1","hashcat-data=5.1.0+ds1-2","hashcat=5.1.0+ds1-2","hdparm=9.58+ds-4","hicolor-icon-theme=0.17-2","hostname=3.23","htop=2.2.0-2build1","humanity-icon-theme=0.6.15","hunspell-en-us=1:2018.04.16-1","i965-va-driver=2.4.0-0ubuntu1","ibus=1.5.22-2ubuntu2.1","ibverbs-providers=28.0-1ubuntu1","ifenslave=2.9ubuntu1","ifupdown=0.8.35ubuntu1","iio-sensor-proxy=2.8-1ubuntu2","im-config=0.44-1ubuntu1.3","indicator-applet=12.10.2+17.10.20170425-0ubuntu1","indicator-application=12.10.1+19.04.20190308.1-0ubuntu3","indicator-bluetooth=0.0.6+17.10.20170605-0ubuntu3","indicator-datetime=15.10+17.10.20170829.2-0ubuntu4","indicator-keyboard=0.0.0+18.04.20180216-0ubuntu1","indicator-messages=13.10.1+17.04.20170120-0ubuntu2","indicator-power=12.10.6+17.10.20170829.1-0ubuntu4","indicator-session=17.3.20+17.10.20171006-0ubuntu1","indicator-sound=12.10.2+18.04.20180420.3-0ubuntu1","info=6.7.0.dfsg.2-5","init-system-helpers=1.57","init=1.57","initramfs-tools-bin=0.136ubuntu6.7","initramfs-tools-core=0.136ubuntu6.7","initramfs-tools=0.136ubuntu6.7","initscripts=2.88dsf-59.3ubuntu2","insserv=1.14.0-5ubuntu3","install-info=6.7.0.dfsg.2-5","installation-report=2.62ubuntu1","intel-media-va-driver=20.1.1+dfsg1-1","intel-microcode=3.20220510.0ubuntu0.20.04.1","iproute2=5.5.0-1ubuntu1","iptables=1.8.4-3ubuntu2","iputils-ping=3:20190709-3","iputils-tracepath=3:20190709-3","ipython3-qtconsole=4.3.1-1","irqbalance=1.6.0-3ubuntu1","isc-dhcp-client=4.4.1-2.1ubuntu5.20.04.3","isc-dhcp-common=4.4.1-2.1ubuntu5.20.04.3","iso-codes=4.4-1","iucode-tool=2.3.1-1","iw=5.4-1","java-common=0.72","javascript-common=11","kbd=2.0.4-4ubuntu2","keyboard-configuration=1.194ubuntu3","keyutils=1.6-6ubuntu1.1","klibc-utils=2.0.7-1ubuntu5.1","kmod=27-1ubuntu2.1","kpartx=0.8.3-1ubuntu2","krb5-locales=1.17-6ubuntu4.1","landscape-common=19.12-0ubuntu4.3","language-pack-en-base=1:20.04+20220211","language-pack-en=1:20.04+20220211","language-selector-common=0.204.2","laptop-detect=0.16","ldap-auth-config=0.5.3","ldap-utils=2.4.49+dfsg-2ubuntu1.9","less=551-1ubuntu0.1","libaacs0=0.9.0-2","libaccountsservice0=0.6.55-0ubuntu12~20.04.5","libacl1=2.2.53-6","libaio1=0.3.112-5","libalgorithm-diff-perl=1.19.03-2","libalgorithm-diff-xs-perl=0.04-6","libalgorithm-merge-perl=0.08-3","libaom0=1.0.0.errata1-3build1","libapache2-mod-dnssd=0.6-3.2","libapparmor-perl=2.13.3-7ubuntu5.1","libapparmor1=2.13.3-7ubuntu5.1","libappstream4=0.12.10-2","libapr1=1.6.5-1ubuntu1","libaprutil1=1.6.1-4ubuntu2","libapt-pkg6.0=2.0.9","libarchive13=3.4.0-2ubuntu1.2","libargon2-1=0~20171227-0.2","libasan4=7.5.0-6ubuntu2","libasan5=9.4.0-1ubuntu1~20.04.1","libasn1-8-heimdal=7.7.0+dfsg-1ubuntu1","libasound2-data=1.2.2-2.1ubuntu2.5","libasound2-plugins=1.2.2-1ubuntu1","libasound2=1.2.2-2.1ubuntu2.5","libaspell15=0.60.8-1ubuntu0.1","libass9=1:0.14.0-2","libassuan0=2.5.3-7ubuntu2","libasyncns0=0.8-6","libatasmart4=0.19-5","libatk-bridge2.0-0=2.34.2-0ubuntu2~20.04.1","libatk-wrapper-java-jni=0.37.1-1","libatk-wrapper-java=0.37.1-1","libatk1.0-0=2.35.1-1ubuntu2","libatk1.0-data=2.35.1-1ubuntu2","libatm1=1:2.5.1-4","libatomic1=10.3.0-1ubuntu1~20.04","libatomic1=10.3.0-1ubuntu1~20.04","libatspi2.0-0=2.36.0-2","libattr1=1:2.4.48-5","libaudit-common=1:2.8.5-2ubuntu6","libaudit1=1:2.8.5-2ubuntu6","libavahi-client3=0.7-4ubuntu7.1","libavahi-common-data=0.7-4ubuntu7.1","libavahi-common3=0.7-4ubuntu7.1","libavahi-core7=0.7-4ubuntu7.1","libavahi-glib1=0.7-4ubuntu7.1","libavc1394-0=0.5.4-5","libavcodec58=7:4.2.7-0ubuntu0.1","libavdevice58=7:4.2.7-0ubuntu0.1","libavfilter7=7:4.2.7-0ubuntu0.1","libavformat58=7:4.2.7-0ubuntu0.1","libavresample4=7:4.2.7-0ubuntu0.1","libavutil56=7:4.2.7-0ubuntu0.1","libbasicobjects0=0.6.1-2","libbdplus0=0.1.2-3","libbinutils=2.34-6ubuntu1.3","libblas-dev=3.9.0-1build1","libblas3=3.9.0-1build1","libblkid1=2.34-0.1ubuntu9.3","libblockdev-crypto2=2.23-2ubuntu3","libblockdev-fs2=2.23-2ubuntu3","libblockdev-loop2=2.23-2ubuntu3","libblockdev-part-err2=2.23-2ubuntu3","libblockdev-part2=2.23-2ubuntu3","libblockdev-swap2=2.23-2ubuntu3","libblockdev-utils2=2.23-2ubuntu3","libblockdev2=2.23-2ubuntu3","libbluray2=1:1.2.0-1","libboost-iostreams1.71.0=1.71.0-6ubuntu6","libboost-thread1.71.0=1.71.0-6ubuntu6","libbrotli1=1.0.7-6ubuntu0.1","libbs2b0=3.1.0+dfsg-2.2build1","libbsd0=0.10.0-1","libbsd0=0.10.0-1","libbz2-1.0=1.0.8-2","libbz2-dev=1.0.8-2","libc-ares2=1.15.0-1ubuntu0.1","libc-bin=2.31-0ubuntu9.9","libc-dev-bin=2.31-0ubuntu9.9","libc6-dev=2.31-0ubuntu9.9","libc6-i386=2.31-0ubuntu9.2","libc6=2.31-0ubuntu9.9","libc6=2.31-0ubuntu9.9","libcaca0=0.99.beta19-2.1ubuntu1.20.04.2","libcairo-gobject2=1.16.0-4ubuntu1","libcairo2=1.16.0-4ubuntu1","libcamel-1.2-62=3.36.5-0ubuntu1","libcanberra-gtk3-0=0.30-7ubuntu1","libcanberra0=0.30-7ubuntu1","libcap-ng0=0.7.9-2.1build1","libcap2-bin=1:2.32-1","libcap2=1:2.32-1","libcbor0.6=0.6.0-0ubuntu1","libcc1-0=10.3.0-1ubuntu1~20.04","libcdio-cdda2=10.2+2.0.0-1","libcdio-paranoia2=10.2+2.0.0-1","libcdio18=2.0.0-2","libcdparanoia0=3.10.2+debian-13","libcgi-fast-perl=1:2.15-1","libcgi-pm-perl=4.46-1","libchromaprint1=1.4.3-3build1","libcilkrts5=7.5.0-6ubuntu2","libclass-accessor-perl=0.51-1","libcoarrays-dev=2.8.0-1","libcodec2-0.9=0.9.2-2","libcollection4=0.6.1-2","libcolord2=1.4.4-2","libcom-err2=1.45.5-2ubuntu1.1","libcomerr2=1.45.5-2ubuntu1.1","libcrack2=2.9.6-3.2","libcrypt-dev=1:4.4.10-10ubuntu4","libcrypt1=1:4.4.10-10ubuntu4","libcrypt1=1:4.4.10-10ubuntu4","libcryptsetup12=2:2.2.2-3ubuntu2.4","libcryptsetup4=2:1.6.6-5ubuntu2.1","libctf-nobfd0=2.34-6ubuntu1.3","libctf0=2.34-6ubuntu1.3","libcublas-11-2=11.4.1.1043-1","libcublas-dev-11-2=11.4.1.1043-1","libcublas10=10.2.3.254-1","libcudnn7-dev=7.5.1.10-1+cuda10.0","libcudnn7=7.5.1.10-1+cuda10.0","libcudnn8-dev=8.5.0.96-1+cuda11.7","libcudnn8=8.5.0.96-1+cuda11.7","libcufft-11-2=10.4.1.152-1","libcufft-dev-11-2=10.4.1.152-1","libcufile-11-7=1.3.1.18-1","libcups2=2.3.1-9ubuntu1.2","libcupti-dev=10.1.243-3","libcupti-doc=10.1.243-3","libcupti10.1=10.1.243-3","libcurand-11-2=10.2.3.152-1","libcurand-dev-11-2=10.2.3.152-1","libcurl3-gnutls=7.68.0-1ubuntu2.12","libcurl4=7.68.0-1ubuntu2.12","libcusolver-11-2=11.1.0.152-1","libcusolver-dev-11-2=11.1.0.152-1","libcusparse-11-2=11.4.1.1152-1","libcusparse-dev-11-2=11.4.1.1152-1","libcwidget4=0.5.18-5build1","libdaemon0=0.14-7","libdatrie1=0.2.12-3","libdb5.3=5.3.28+dfsg1-0.6ubuntu2","libdbus-1-3=1.12.16-2ubuntu2.2","libdbus-glib-1-2=0.110-5fakssync1","libdc1394-22=2.2.5-2.1","libdconf1=0.36.0-1","libdebconfclient0=0.251ubuntu1","libdevmapper-event1.02.1=2:1.02.167-1ubuntu1","libdevmapper1.02.1=2:1.02.167-1ubuntu1","libdhash1=0.6.1-2","libdns-export1109=1:9.11.16+dfsg-3~ubuntu1","libdns-export162=1:9.10.3.dfsg.P4-8ubuntu1.19","libdouble-conversion1v5=2.0.1-3ubuntu2","libdouble-conversion3=3.1.5-4ubuntu1","libdpkg-perl=1.19.7ubuntu3.2","libdrm-amdgpu1=2.4.107-8ubuntu1~20.04.2","libdrm-amdgpu1=2.4.107-8ubuntu1~20.04.2","libdrm-common=2.4.107-8ubuntu1~20.04.2","libdrm-intel1=2.4.107-8ubuntu1~20.04.2","libdrm-intel1=2.4.107-8ubuntu1~20.04.2","libdrm-nouveau2=2.4.107-8ubuntu1~20.04.2","libdrm-nouveau2=2.4.107-8ubuntu1~20.04.2","libdrm-radeon1=2.4.107-8ubuntu1~20.04.2","libdrm-radeon1=2.4.107-8ubuntu1~20.04.2","libdrm2=2.4.107-8ubuntu1~20.04.2","libdrm2=2.4.107-8ubuntu1~20.04.2","libdumbnet1=1.12-9build1","libebackend-1.2-10=3.36.5-0ubuntu1","libebook-1.2-20=3.36.5-0ubuntu1","libebook-contacts-1.2-3=3.36.5-0ubuntu1","libecal-2.0-1=3.36.5-0ubuntu1","libedata-book-1.2-26=3.36.5-0ubuntu1","libedata-cal-2.0-1=3.36.5-0ubuntu1","libedataserver-1.2-24=3.36.5-0ubuntu1","libedataserverui-1.2-2=3.36.5-0ubuntu1","libedit2=3.1-20191231-1","libedit2=3.1-20191231-1","libefiboot1=37-2ubuntu2.2","libefivar1=37-2ubuntu2.2","libegl-mesa0=21.2.6-0ubuntu0.1~20.04.2","libegl-mesa0=21.2.6-0ubuntu0.1~20.04.2","libegl1-mesa=21.2.6-0ubuntu0.1~20.04.2","libegl1=1.3.2-1~ubuntu0.20.04.2","libegl1=1.3.2-1~ubuntu0.20.04.2","libelf1=0.176-1.1build1","libelf1=0.176-1.1build1","libenchant-2-2=2.2.8-1ubuntu0.20.04.1","libencode-locale-perl=1.05-1","libepoxy0=1.5.4-1","liberror-perl=0.17029-1","libestr0=0.1.10-2.1","libevdev2=1.9.0+dfsg-1ubuntu0.2","libevent-2.0-5=2.0.21-stable-2ubuntu0.16.04.1","libevent-2.1-7=2.1.11-stable-1","libexpat1-dev=2.2.9-1ubuntu0.4","libexpat1=2.2.9-1ubuntu0.4","libexpat1=2.2.9-1ubuntu0.4","libext2fs2=1.45.5-2ubuntu1.1","libfakeroot=1.24-1","libfastjson4=0.99.8-2","libfcgi-perl=0.79-1","libfdisk1=2.34-0.1ubuntu9.3","libffi-dev=3.3-4","libffi7=3.3-4","libffi7=3.3-4","libfftw3-double3=3.3.8-2ubuntu1","libfido2-1=1.3.1-1ubuntu2","libfile-fcntllock-perl=0.22-3build4","libfl2=2.6.4-6.2","libflac8=1.3.3-1build1","libflite1=2.1-release-3","libfontconfig1-dev=2.13.1-2ubuntu3","libfontconfig1=2.13.1-2ubuntu3","libfontenc1=1:1.1.4-0ubuntu1","libfreetype-dev=2.10.1-2ubuntu0.2","libfreetype6-dev=2.10.1-2ubuntu0.2","libfreetype6=2.10.1-2ubuntu0.2","libfribidi0=1.0.8-2ubuntu0.1","libfuse2=2.9.9-3","libfwupd2=1.7.5-3~20.04.1","libfwupdplugin5=1.7.5-3~20.04.1","libgbm1=21.2.6-0ubuntu0.1~20.04.2","libgbm1=21.2.6-0ubuntu0.1~20.04.2","libgcab-1.0-0=1.4-1","libgcc-7-dev=7.5.0-6ubuntu2","libgcc-9-dev=9.4.0-1ubuntu1~20.04.1","libgcc-s1=10.3.0-1ubuntu1~20.04","libgcc-s1=10.3.0-1ubuntu1~20.04","libgcc1=1:10.3.0-1ubuntu1~20.04","libgck-1-0=3.36.0-2build1","libgcr-base-3-1=3.36.0-2build1","libgcr-ui-3-1=3.36.0-2build1","libgcrypt20=1.8.5-5ubuntu1.1","libgd3=2.2.5-5.2ubuntu2.1","libgdata-common=0.17.12-1","libgdata22=0.17.12-1","libgdbm-compat4=1.18.1-5","libgdbm3=1.8.3-13.1","libgdbm6=1.18.1-5","libgdk-pixbuf2.0-0=2.40.0+dfsg-3ubuntu0.3","libgdk-pixbuf2.0-bin=2.40.0+dfsg-3ubuntu0.3","libgdk-pixbuf2.0-common=2.40.0+dfsg-3ubuntu0.3","libgdm1=3.36.3-0ubuntu0.20.04.4","libgeoclue-2-0=2.5.6-0ubuntu1","libgeocode-glib0=3.26.2-2","libgeoip1=1.6.12-6build1","libgfortran-9-dev=9.4.0-1ubuntu1~20.04.1","libgfortran5=10.3.0-1ubuntu1~20.04","libgif7=5.1.9-1","libgirepository-1.0-1=1.64.1-1~ubuntu20.04.1","libgjs0g=1.64.5-0ubuntu0.20.04.01","libgl1-mesa-dri=21.2.6-0ubuntu0.1~20.04.2","libgl1-mesa-dri=21.2.6-0ubuntu0.1~20.04.2","libgl1-mesa-glx=21.2.6-0ubuntu0.1~20.04.2","libgl1=1.3.2-1~ubuntu0.20.04.2","libgl1=1.3.2-1~ubuntu0.20.04.2","libglapi-mesa=21.2.6-0ubuntu0.1~20.04.2","libglapi-mesa=21.2.6-0ubuntu0.1~20.04.2","libgles2=1.3.2-1~ubuntu0.20.04.2","libgles2=1.3.2-1~ubuntu0.20.04.2","libglib2.0-0=2.64.6-1~ubuntu20.04.4","libglib2.0-bin=2.64.6-1~ubuntu20.04.4","libglib2.0-data=2.64.6-1~ubuntu20.04.4","libglvnd0=1.3.2-1~ubuntu0.20.04.2","libglvnd0=1.3.2-1~ubuntu0.20.04.2","libglx-mesa0=21.2.6-0ubuntu0.1~20.04.2","libglx-mesa0=21.2.6-0ubuntu0.1~20.04.2","libglx0=1.3.2-1~ubuntu0.20.04.2","libglx0=1.3.2-1~ubuntu0.20.04.2","libgme0=0.6.2-1build1","libgmp10=2:6.2.0+dfsg-4","libgnome-autoar-0-0=0.2.3-2ubuntu0.4","libgnome-bluetooth13=3.34.3-0ubuntu1","libgnome-desktop-3-19=3.36.8-0ubuntu1","libgnome-keyring0=3.12.0-1build1","libgnutls-openssl27=3.6.13-2ubuntu1.7","libgnutls30=3.6.13-2ubuntu1.7","libgoa-1.0-0b=3.36.1-0ubuntu1","libgoa-1.0-common=3.36.1-0ubuntu1","libgomp1=10.3.0-1ubuntu1~20.04","libgpg-error-l10n=1.37-1","libgpg-error0=1.37-1","libgpgme11=1.13.1-7ubuntu2","libgpm2=1.20.7-5","libgraphene-1.0-0=1.10.0-1build2","libgraphite2-3=1.3.13-11build1","libgsm1=1.0.18-2","libgssapi-krb5-2=1.17-6ubuntu4.1","libgssapi3-heimdal=7.7.0+dfsg-1ubuntu1","libgstreamer-gl1.0-0=1.16.3-0ubuntu1.1","libgstreamer-plugins-base1.0-0=1.16.3-0ubuntu1.1","libgstreamer1.0-0=1.16.3-0ubuntu1.1","libgtk-3-0=3.24.20-0ubuntu1.1","libgtk-3-bin=3.24.20-0ubuntu1.1","libgtk-3-common=3.24.20-0ubuntu1.1","libgtk2.0-common=2.24.32-4ubuntu4","libgudev-1.0-0=1:233-1","libgusb2=0.3.4-0.1","libgweather-3-16=3.36.1-1~ubuntu20.04.1","libgweather-common=3.36.1-1~ubuntu20.04.1","libharfbuzz-icu0=2.6.4-1ubuntu4.2","libharfbuzz0b=2.6.4-1ubuntu4.2","libhcrypto4-heimdal=7.7.0+dfsg-1ubuntu1","libheimbase1-heimdal=7.7.0+dfsg-1ubuntu1","libheimntlm0-heimdal=7.7.0+dfsg-1ubuntu1","libhogweed5=3.5.1+really3.5.1-2ubuntu0.2","libhtml-parser-perl=3.72-5","libhtml-tagset-perl=3.20-4","libhttp-date-perl=6.05-1","libhttp-message-perl=6.22-1","libhunspell-1.7-0=1.7.0-2build2","libhx509-5-heimdal=7.7.0+dfsg-1ubuntu1","libhyphen0=2.8.8-7","libibus-1.0-5=1.5.22-2ubuntu2.1","libical3=3.0.8-1","libice-dev=2:1.0.10-0ubuntu1","libice6=2:1.0.10-0ubuntu1","libicu66=66.1-2ubuntu2.1","libidn11=1.33-2.2ubuntu2","libidn2-0=2.2.0-2","libidn2-0=2.2.0-2","libiec61883-0=1.2.0-3","libigdgmm11=20.1.1+ds1-1","libimagequant0=2.12.2-1.1","libimobiledevice6=1.2.1~git20191129.9f79242-1build1","libini-config5=0.6.1-2","libinput-bin=1.15.5-1ubuntu0.3","libinput10=1.15.5-1ubuntu0.3","libio-html-perl=1.001-1","libio-string-perl=1.08-3","libip4tc2=1.8.4-3ubuntu2","libip6tc2=1.8.4-3ubuntu2","libipa-hbac0=2.2.3-3ubuntu0.9","libisc-export1105=1:9.11.16+dfsg-3~ubuntu1","libisc-export160=1:9.10.3.dfsg.P4-8ubuntu1.19","libisl22=0.22.1-1","libisns0=0.97-3","libitm1=10.3.0-1ubuntu1~20.04","libjack-jackd2-0=1.9.12~dfsg-2ubuntu2","libjansson4=2.12-1build1","libjavascriptcoregtk-4.0-18=2.36.4-0ubuntu0.20.04.1","libjbig0=2.1-3.1build1","libjcat1=0.1.4-0ubuntu0.20.04.1","libjpeg-turbo8=2.0.3-0ubuntu1.20.04.1","libjpeg8=8c-2ubuntu8","libjs-jquery-ui=1.12.1+dfsg-5","libjs-jquery=3.3.1~dfsg-3","libjs-mathjax=2.7.4+dfsg-1","libjs-sphinxdoc=1.8.5-7ubuntu3","libjs-underscore=1.9.1~dfsg-1ubuntu0.20.04.1","libjson-c2=0.11-4ubuntu2.6","libjson-c4=0.13.1+dfsg-7ubuntu0.3","libjson-glib-1.0-0=1.4.4-2ubuntu2","libjson-glib-1.0-common=1.4.4-2ubuntu2","libk5crypto3=1.17-6ubuntu4.1","libkeyutils1=1.6-6ubuntu1.1","libklibc=2.0.7-1ubuntu5.1","libkmod2=27-1ubuntu2.1","libkrb5-26-heimdal=7.7.0+dfsg-1ubuntu1","libkrb5-3=1.17-6ubuntu4.1","libkrb5support0=1.17-6ubuntu4.1","libksba8=1.3.5-2","liblapack-dev=3.9.0-1build1","liblapack3=3.9.0-1build1","liblcms2-2=2.9-4","libldap-2.4-2=2.4.49+dfsg-2ubuntu1.9","libldap-common=2.4.49+dfsg-2ubuntu1.9","libldb2=2:2.2.3-0ubuntu0.20.04.3","liblilv-0-0=0.24.6-1ubuntu0.1","libllvm12=1:12.0.0-3ubuntu1~20.04.5","libllvm12=1:12.0.0-3ubuntu1~20.04.5","liblmdb0=0.9.24-1","liblocale-gettext-perl=1.07-4","liblsan0=10.3.0-1ubuntu1~20.04","libltdl7=2.4.6-14","liblvm2cmd2.02=2.02.176-4.1ubuntu3.18.04.3","liblvm2cmd2.03=2.03.07-1ubuntu1","liblwp-mediatypes-perl=6.04-1","liblxc-common=1:4.0.12-0ubuntu1~20.04.1","liblxc1=1:4.0.12-0ubuntu1~20.04.1","liblz4-1=1.9.2-2ubuntu0.20.04.1","liblzma5=5.2.4-1ubuntu1.1","liblzo2-2=2.10-2","libmagic-mgc=1:5.38-4","libmagic1=1:5.38-4","libmaxminddb0=1.4.2-0ubuntu1.20.04.1","libmbim-glib4=1.26.2-1~ubuntu20.04.1","libmbim-proxy=1.26.2-1~ubuntu20.04.1","libmm-glib0=1.18.6-1~ubuntu20.04.1","libmnl0=1.0.4-2","libmount1=2.34-0.1ubuntu9.3","libmozjs-68-0=68.6.0-1ubuntu1","libmp3lame0=3.100-3","libmpc3=1.1.0-1","libmpdec2=2.4.2-3","libmpfr4=3.1.4-1","libmpfr6=4.0.2-1","libmpg123-0=1.25.13-1","libmpx2=8.4.0-3ubuntu2","libmspack0=0.10.1-2","libmtdev1=1.1.5-1.1","libmutter-6-0=3.36.9-0ubuntu0.20.04.2","libmysofa1=1.0~dfsg0-1","libncurses-dev=6.2-0ubuntu2","libncurses5=6.2-0ubuntu2","libncurses6=6.2-0ubuntu2","libncursesw5=6.2-0ubuntu2","libncursesw6=6.2-0ubuntu2","libnetfilter-conntrack3=1.0.7-2","libnetplan0=0.104-0ubuntu2~20.04.2","libnettle7=3.5.1+really3.5.1-2ubuntu0.2","libnewt0.52=0.52.21-4ubuntu2","libnfnetlink0=1.0.1-3build1","libnfsidmap2=0.25-5.1ubuntu1","libnftnl11=1.1.5-1","libnghttp2-14=1.40.0-1build1","libnginx-mod-http-geoip=1.18.0-0ubuntu1.2","libnginx-mod-http-image-filter=1.18.0-0ubuntu1.3","libnginx-mod-http-xslt-filter=1.18.0-0ubuntu1.3","libnginx-mod-mail=1.18.0-0ubuntu1.3","libnginx-mod-stream=1.18.0-0ubuntu1.3","libnih-dbus1=1.0.3-6ubuntu2","libnih1=1.0.3-6ubuntu2","libnl-3-200=3.4.0-1","libnl-genl-3-200=3.4.0-1","libnl-route-3-200=3.4.0-1","libnm0=1.22.10-1ubuntu2.3","libnma0=1.8.24-1ubuntu3","libnorm1=1.5.8+dfsg2-2build1","libnotify4=0.7.9-1ubuntu2","libnpp-11-2=11.3.2.152-1","libnpp-dev-11-2=11.3.2.152-1","libnpth0=1.6-1","libnspr4=2:4.25-1","libnss-ldap=265-5ubuntu1","libnss-mdns=0.14.1-1ubuntu1","libnss-myhostname=245.4-4ubuntu3.13","libnss-sss=2.2.3-3ubuntu0.9","libnss-systemd=245.4-4ubuntu3.17","libnss3=2:3.49.1-1ubuntu1.8","libntfs-3g883=1:2017.3.23AR.3-3ubuntu1.2","libnuma1=2.0.12-1","libnvidia-cfg1-515=515.65.01-0ubuntu1","libnvidia-common-515=515.65.01-0ubuntu1","libnvidia-compute-470=470.141.03-0ubuntu1","libnvidia-compute-515=515.65.01-0ubuntu1","libnvidia-compute-515=515.65.01-0ubuntu1","libnvidia-decode-515=515.65.01-0ubuntu1","libnvidia-decode-515=515.65.01-0ubuntu1","libnvidia-encode-515=515.65.01-0ubuntu1","libnvidia-encode-515=515.65.01-0ubuntu1","libnvidia-extra-515=515.65.01-0ubuntu1","libnvidia-fbc1-515=515.65.01-0ubuntu1","libnvidia-fbc1-515=515.65.01-0ubuntu1","libnvidia-gl-515=515.65.01-0ubuntu1","libnvidia-gl-515=515.65.01-0ubuntu1","libnvjpeg-11-2=11.4.0.152-1","libnvjpeg-dev-11-2=11.4.0.152-1","libogg0=1.3.4-0ubuntu1","libopenal-data=1:1.19.1-1","libopenal1=1:1.19.1-1","libopenblas-dev=0.3.8+ds-1ubuntu0.20.04.1","libopenblas-pthread-dev=0.3.8+ds-1ubuntu0.20.04.1","libopenblas0-pthread=0.3.8+ds-1ubuntu0.20.04.1","libopenblas0=0.3.8+ds-1ubuntu0.20.04.1","libopenexr-dev=2.3.0-6ubuntu0.5","libopengl0=1.3.2-1~ubuntu0.20.04.2","libopengl0=1.3.2-1~ubuntu0.20.04.2","libopenjp2-7=2.3.1-1ubuntu4.20.04.1","libopenjpeg5=1:1.5.2-3.1","libopenmpt0=0.4.11-1build1","libopus0=1.3.1-0ubuntu1","liborc-0.4-0=1:0.4.31-1","libp11-kit0=0.23.20-1ubuntu0.1","libpackagekit-glib2-18=1.1.13-2ubuntu1.1","libpam-modules-bin=1.3.1-5ubuntu4.3","libpam-modules=1.3.1-5ubuntu4.3","libpam-pwquality=1.4.2-1build1","libpam-runtime=1.3.1-5ubuntu4.3","libpam-sss=2.2.3-3ubuntu0.9","libpam-systemd=245.4-4ubuntu3.17","libpam0g=1.3.1-5ubuntu4.3","libpango-1.0-0=1.44.7-2ubuntu4","libpangocairo-1.0-0=1.44.7-2ubuntu4","libpangoft2-1.0-0=1.44.7-2ubuntu4","libpangox-1.0-0=0.0.2-5","libpangoxft-1.0-0=1.44.7-2ubuntu4","libpaper-utils=1.1.28","libpaper1=1.1.28","libparse-debianchangelog-perl=1.2.0-13","libparted-fs-resize0=3.3-4ubuntu0.20.04.1","libparted2=3.3-4ubuntu0.20.04.1","libpath-utils1=0.6.1-2","libpcap0.8=1.9.1-3","libpci3=1:3.6.4-1ubuntu0.20.04.1","libpciaccess0=0.16-0ubuntu1","libpciaccess0=0.16-0ubuntu1","libpcre2-16-0=10.34-7","libpcre2-8-0=10.34-7","libpcre3=2:8.39-12ubuntu0.1","libpcsclite1=1.8.26-3","libperl5.22=5.22.1-9ubuntu0.9","libperl5.30=5.30.0-9ubuntu0.2","libpgm-5.2-0=5.2.122~dfsg-3ubuntu1","libphonenumber7=7.1.0-5ubuntu11","libpipeline1=1.5.2-2build1","libpixman-1-0=0.38.4-0ubuntu1","libplist3=2.1.0-4build2","libplymouth4=0.9.3-1ubuntu7.18.04.2","libplymouth5=0.9.4git20200323-0ubuntu6.2","libpng-dev=1.6.37-2","libpng-tools=1.6.37-2","libpng12-0=1.2.54-1ubuntu1.1","libpng16-16=1.6.37-2","libpolkit-agent-1-0=0.105-26ubuntu1.3","libpolkit-gobject-1-0=0.105-26ubuntu1.3","libpopt0=1.16-14","libpostproc55=7:4.2.7-0ubuntu0.1","libprocps4=2:3.3.10-4ubuntu2.5","libprocps8=2:3.3.16-1ubuntu2.3","libprotobuf17=3.6.1.3-2ubuntu5","libproxy1v5=0.4.15-10ubuntu1.2","libpsl5=0.21.0-1ubuntu1","libpsm-infinipath1=3.3+20.604758e7-6","libpthread-stubs0-dev=0.4-1","libpulse-mainloop-glib0=1:13.99.1-1ubuntu3.13","libpulse0=1:13.99.1-1ubuntu3.13","libpwquality-common=1.4.2-1build1","libpwquality1=1.4.2-1build1","libpython2-dev=2.7.17-2ubuntu4","libpython2-stdlib=2.7.17-2ubuntu4","libpython2.7-dev=2.7.18-1~20.04.3","libpython2.7-minimal=2.7.18-1~20.04.3","libpython2.7-stdlib=2.7.18-1~20.04.3","libpython2.7=2.7.18-1~20.04.3","libpython3-dev=3.8.2-0ubuntu2","libpython3-stdlib=3.8.2-0ubuntu2","libpython3.5-minimal=3.5.10-1+focal3","libpython3.5-stdlib=3.5.10-1+focal3","libpython3.5=3.5.10-1+focal3","libpython3.8-dev=3.8.10-0ubuntu1~20.04.5","libpython3.8-minimal=3.8.10-0ubuntu1~20.04.5","libpython3.8-stdlib=3.8.10-0ubuntu1~20.04.5","libpython3.8=3.8.10-0ubuntu1~20.04.5","libpython3.9-dev=3.9.13-1+focal1","libpython3.9-minimal=3.9.13-1+focal1","libpython3.9-stdlib=3.9.13-1+focal1","libpython3.9=3.9.13-1+focal1","libqmi-glib1=1.12.6-1","libqmi-glib5=1.30.4-1~ubuntu20.04.1","libqmi-proxy=1.30.4-1~ubuntu20.04.1","libqt5core5a=5.12.8+dfsg-0ubuntu2.1","libqt5dbus5=5.12.8+dfsg-0ubuntu2.1","libqt5designer5=5.12.8-0ubuntu1","libqt5gui5=5.12.8+dfsg-0ubuntu2.1","libqt5help5=5.12.8-0ubuntu1","libqt5location5=5.12.8+dfsg-0ubuntu1","libqt5multimedia5=5.12.8-0ubuntu1","libqt5multimediawidgets5=5.12.8-0ubuntu1","libqt5network5=5.12.8+dfsg-0ubuntu2.1","libqt5opengl5=5.12.8+dfsg-0ubuntu2.1","libqt5positioning5=5.12.8+dfsg-0ubuntu1","libqt5positioningquick5=5.12.8+dfsg-0ubuntu1","libqt5printsupport5=5.12.8+dfsg-0ubuntu2.1","libqt5qml5=5.12.8-0ubuntu1","libqt5quick5=5.12.8-0ubuntu1","libqt5quickwidgets5=5.12.8-0ubuntu1","libqt5sensors5=5.12.8-0ubuntu1","libqt5sql5-sqlite=5.12.8+dfsg-0ubuntu2.1","libqt5sql5=5.12.8+dfsg-0ubuntu2.1","libqt5svg5=5.12.8-0ubuntu1","libqt5test5=5.12.8+dfsg-0ubuntu2.1","libqt5webchannel5=5.12.8-0ubuntu1","libqt5webkit5=5.212.0~alpha4-1ubuntu2.1","libqt5websockets5=5.12.8-0ubuntu1","libqt5widgets5=5.12.8+dfsg-0ubuntu2.1","libqt5xml5=5.12.8+dfsg-0ubuntu2.1","libqt5xmlpatterns5=5.12.8-0ubuntu1","libqtcore4=4:4.8.7+dfsg-7ubuntu1","libquadmath0=10.3.0-1ubuntu1~20.04","libraw1394-11=2.1.2-1","libreadline-dev=8.0-4","libreadline5=5.2+dfsg-3build3","libreadline6=6.3-8ubuntu2","libreadline8=8.0-4","libref-array1=0.6.1-2","librest-0.7-0=0.8.1-1","libroken18-heimdal=7.7.0+dfsg-1ubuntu1","librsvg2-2=2.48.9-1ubuntu0.20.04.1","librsvg2-common=2.48.9-1ubuntu0.20.04.1","librtmp1=2.4+20151223.gitfa8646d.1-2build1","librubberband2=1.8.2-1build1","libsamplerate0=0.1.9-2","libsasl2-2=2.1.27+dfsg-2ubuntu0.1","libsasl2-modules-db=2.1.27+dfsg-2ubuntu0.1","libsasl2-modules-gssapi-mit=2.1.27+dfsg-2ubuntu0.1","libsasl2-modules=2.1.27+dfsg-2ubuntu0.1","libschroedinger-1.0-0=1.0.11-2.1build1","libsdl2-2.0-0=2.0.10+dfsg1-3","libseccomp2=2.5.1-1ubuntu1~20.04.2","libsecret-1-0=0.20.4-0ubuntu1","libsecret-common=0.20.4-0ubuntu1","libselinux1=3.0-1build2","libsemanage-common=3.0-1build2","libsemanage1=3.0-1build2","libsensors-config=1:3.6.0-2ubuntu1.1","libsensors4=1:3.4.0-4","libsensors5=1:3.6.0-2ubuntu1.1","libsensors5=1:3.6.0-2ubuntu1.1","libsepol1=3.0-1ubuntu0.1","libserd-0-0=0.30.2-1","libserf-1-1=1.3.9-8build1","libsgutils2-2=1.44-1ubuntu2","libshine3=3.1.1-2","libsigc++-2.0-0v5=2.10.2-1build1","libsigsegv2=2.12-2","libslang2=2.3.2-4","libsm-dev=2:1.2.3-1","libsm6=2:1.2.3-1","libsmartcols1=2.34-0.1ubuntu9.3","libsmbclient=2:4.13.17~dfsg-0ubuntu1.20.04.1","libsmbios-c2=2.4.3-1","libsnappy1v5=1.1.8-1build1","libsndfile1=1.0.28-7ubuntu0.1","libsndio7.0=1.5.0-3","libsnmp-base=5.8+dfsg-2ubuntu2.3","libsodium23=1.0.18-1","libsord-0-0=0.16.4-1","libsoup-gnome2.4-1=2.70.0-1","libsoup2.4-1=2.70.0-1","libsoxr0=0.1.3-2build1","libspeex1=1.2~rc1.2-1.1ubuntu1.20.04.1","libsqlite3-0=3.31.1-4ubuntu0.3","libsqlite3-dev=3.31.1-4ubuntu0.3","libsratom-0-0=0.6.4-1","libss2=1.45.5-2ubuntu1.1","libssh-4=0.9.3-2ubuntu2.2","libssh-gcrypt-4=0.9.3-2ubuntu2.2","libssl-dev=1.1.1f-1ubuntu2.16","libssl1.0.0=1.0.2n-1ubuntu5.7","libssl1.1=1.1.1f-1ubuntu2.16","libsss-certmap0=2.2.3-3ubuntu0.9","libsss-idmap0=2.2.3-3ubuntu0.9","libsss-nss-idmap0=2.2.3-3ubuntu0.9","libsss-sudo=2.2.3-3ubuntu0.9","libstartup-notification0=0.12-6","libstdc++-9-dev=9.4.0-1ubuntu1~20.04.1","libstdc++6=10.3.0-1ubuntu1~20.04","libstdc++6=10.3.0-1ubuntu1~20.04","libstemmer0d=0+svn585-2","libsub-name-perl=0.26-1","libsvn1=1.13.0-3ubuntu0.2","libswresample3=7:4.2.7-0ubuntu0.1","libswscale5=7:4.2.7-0ubuntu0.1","libsystemd0=245.4-4ubuntu3.17","libtalloc2=2.3.1-0ubuntu0.20.04.1","libtasn1-6=4.16.0-2","libtcl8.6=8.6.10+dfsg-1","libtdb1=1.4.3-0ubuntu0.20.04.1","libtevent0=0.10.2-0ubuntu0.20.04.1","libtext-charwidth-perl=0.04-10","libtext-iconv-perl=1.7-7","libtext-wrapi18n-perl=0.06-9","libthai-data=0.1.28-3","libthai0=0.1.28-3","libtheora0=1.1.1+dfsg.1-15ubuntu2","libtiff5=4.1.0+git191117-2ubuntu0.20.04.3","libtimedate-perl=2.3200-1","libtinfo5=6.2-0ubuntu2","libtinfo6=6.2-0ubuntu2","libtinfo6=6.2-0ubuntu2","libtirpc-common=1.2.5-1ubuntu0.1","libtirpc3=1.2.5-1ubuntu0.1","libtk8.6=8.6.10-1","libtsan0=10.3.0-1ubuntu1~20.04","libtss2-esys0=2.3.2-1","libtwolame0=0.4.0-2","libtxc-dxtn-s2tc0=0~git20131104-1.1","libubsan0=7.5.0-6ubuntu2","libubsan1=10.3.0-1ubuntu1~20.04","libuchardet0=0.0.6-3build1","libudev1=245.4-4ubuntu3.17","libudisks2-0=2.8.4-1ubuntu2","libunistring0=0.9.3-5.2ubuntu1","libunistring2=0.9.10-2","libunistring2=0.9.10-2","libunwind8=1.2.1-9build1","libupower-glib3=0.99.11-1build2","liburcu6=0.11.1-2","liburi-perl=1.76-2","libusb-0.1-4=2:0.1.12-32","libusb-1.0-0=2:1.0.23-2build1","libusbmuxd6=2.0.1-2","libustr-1.0-1=1.0.4-6","libutempter0=1.1.6-4","libutf8proc2=2.5.0-1","libuuid1=2.34-0.1ubuntu9.3","libuv1=1.34.2-1ubuntu1.3","libva-drm2=2.7.0-2","libva-x11-2=2.7.0-2","libva2=2.7.0-2","libvdpau1=1.3-1ubuntu2","libvidstab1.1=1.1.0-2","libvisual-0.4-0=0.4.0-17","libvolume-key1=0.3.12-3.1","libvorbis0a=1.3.6-2ubuntu1","libvorbisenc2=1.3.6-2ubuntu1","libvorbisfile3=1.3.6-2ubuntu1","libvpx6=1.8.2-1build1","libvte-2.91-common=0.60.3-0ubuntu1~20.04","libvulkan1=1.2.131.2-1","libvulkan1=1.2.131.2-1","libwacom-bin=1.3-2ubuntu3","libwacom-common=1.3-2ubuntu3","libwacom2=1.3-2ubuntu3","libwavpack1=5.2.0-1ubuntu0.1","libwayland-client0=1.18.0-1","libwayland-client0=1.18.0-1","libwayland-cursor0=1.18.0-1","libwayland-egl1=1.18.0-1","libwayland-server0=1.18.0-1","libwayland-server0=1.18.0-1","libwbclient0=2:4.13.17~dfsg-0ubuntu1.20.04.1","libwebkit2gtk-4.0-37=2.36.4-0ubuntu0.20.04.1","libwebp6=0.6.1-2ubuntu0.20.04.1","libwebpdemux2=0.6.1-2ubuntu0.20.04.1","libwebpmux3=0.6.1-2ubuntu0.20.04.1","libwebrtc-audio-processing-0=0.1-3ubuntu1~gcc5.1","libwind0-heimdal=7.7.0+dfsg-1ubuntu1","libwoff1=1.0.2-1build2","libwrap0=7.6.q-30","libx11-6=2:1.6.9-2ubuntu1.2","libx11-6=2:1.6.9-2ubuntu1.2","libx11-data=2:1.6.9-2ubuntu1.2","libx11-dev=2:1.6.9-2ubuntu1.2","libx11-xcb1=2:1.6.9-2ubuntu1.2","libx11-xcb1=2:1.6.9-2ubuntu1.2","libx264-155=2:0.155.2917+git0a84d98-2","libx265-179=3.2.1-1build1","libxapian30=1.4.14-2","libxau-dev=1:1.0.9-0ubuntu1","libxau6=1:1.0.9-0ubuntu1","libxau6=1:1.0.9-0ubuntu1","libxaw7=2:1.0.13-1","libxcb-dri2-0=1.14-2","libxcb-dri2-0=1.14-2","libxcb-dri3-0=1.14-2","libxcb-dri3-0=1.14-2","libxcb-glx0=1.14-2","libxcb-glx0=1.14-2","libxcb-icccm4=0.4.1-1.1","libxcb-image0=0.4.0-1build1","libxcb-keysyms1=0.4.0-1build1","libxcb-present0=1.14-2","libxcb-present0=1.14-2","libxcb-randr0=1.14-2","libxcb-randr0=1.14-2","libxcb-render-util0=0.3.9-1build1","libxcb-render0=1.14-2","libxcb-res0=1.14-2","libxcb-shape0=1.14-2","libxcb-shm0=1.14-2","libxcb-shm0=1.14-2","libxcb-sync1=1.14-2","libxcb-sync1=1.14-2","libxcb-util1=0.4.0-0ubuntu3","libxcb-xfixes0=1.14-2","libxcb-xfixes0=1.14-2","libxcb-xinerama0=1.14-2","libxcb-xinput0=1.14-2","libxcb-xkb1=1.14-2","libxcb1-dev=1.14-2","libxcb1=1.14-2","libxcb1=1.14-2","libxcomposite1=1:0.4.5-1","libxcursor1=1:1.2.0-2","libxdamage1=1:1.1.5-2","libxdmcp-dev=1:1.1.3-0ubuntu1","libxdmcp6=1:1.1.3-0ubuntu1","libxdmcp6=1:1.1.3-0ubuntu1","libxext-dev=2:1.3.4-0ubuntu1","libxext6=2:1.3.4-0ubuntu1","libxext6=2:1.3.4-0ubuntu1","libxfixes3=1:5.0.3-2","libxfixes3=1:5.0.3-2","libxfont2=1:2.0.3-1","libxft-dev=2.3.3-0ubuntu1","libxft2=2.3.3-0ubuntu1","libxi6=2:1.7.10-0ubuntu1","libxinerama1=2:1.1.4-2","libxkbcommon-x11-0=0.10.0-1","libxkbcommon0=0.10.0-1","libxkbfile1=1:1.1.0-1","libxml2=2.9.10+dfsg-5ubuntu0.20.04.4","libxmlb1=0.1.15-2ubuntu1~20.04.1","libxmlsec1-openssl=1.2.28-2","libxmlsec1=1.2.28-2","libxmu6=2:1.1.3-0ubuntu1","libxmuu1=2:1.1.3-0ubuntu1","libxnvctrl0=515.65.01-0ubuntu1","libxpm4=1:3.5.12-1","libxrandr2=2:1.5.2-0ubuntu1","libxrender-dev=1:0.9.10-1","libxrender1=1:0.9.10-1","libxshmfence1=1.3-1","libxshmfence1=1.3-1","libxslt1.1=1.1.34-4","libxss-dev=1:1.2.3-1","libxss1=1:1.2.3-1","libxt-dev=1:1.1.5-1","libxt6=1:1.1.5-1","libxtables11=1.6.0-2ubuntu3","libxtables12=1.8.4-3ubuntu2","libxtst6=2:1.2.3-1","libxv1=2:1.0.11-1","libxvidcore4=2:1.3.7-1","libxvmc1=2:1.0.12-2","libxxf86dga1=2:1.1.5-0ubuntu1","libxxf86vm1=1:1.1.4-1build1","libxxf86vm1=1:1.1.4-1build1","libxxhash0=0.7.3-1","libyaml-0-2=0.2.2-1","libzmq5=4.3.2-2ubuntu1","libzstd1=1.4.4+dfsg-3ubuntu0.1","libzstd1=1.4.4+dfsg-3ubuntu0.1","libzvbi-common=0.2.35-17","libzvbi0=0.2.35-17","lightdm=1.26.0-0ubuntu1","lintian=2.62.0ubuntu1","linux-base=4.5ubuntu3.7","linux-firmware=1.187.33","linux-headers-4.15.0-158-generic=4.15.0-158.166","linux-headers-4.15.0-158=4.15.0-158.166","linux-headers-4.4.0-151-generic=4.4.0-151.178","linux-headers-4.4.0-151=4.4.0-151.178","linux-headers-5.4.0-124-generic=5.4.0-124.140","linux-headers-5.4.0-124=5.4.0-124.140","linux-image-4.15.0-158-generic=4.15.0-158.166","linux-image-4.4.0-101-generic=4.4.0-101.124","linux-image-4.4.0-104-generic=4.4.0-104.127","linux-image-4.4.0-108-generic=4.4.0-108.131","linux-image-4.4.0-109-generic=4.4.0-109.132","linux-image-4.4.0-112-generic=4.4.0-112.135","linux-image-4.4.0-116-generic=4.4.0-116.140","linux-image-4.4.0-119-generic=4.4.0-119.143","linux-image-4.4.0-121-generic=4.4.0-121.145","linux-image-4.4.0-124-generic=4.4.0-124.148","linux-image-4.4.0-127-generic=4.4.0-127.153","linux-image-4.4.0-128-generic=4.4.0-128.154","linux-image-4.4.0-130-generic=4.4.0-130.156","linux-image-4.4.0-131-generic=4.4.0-131.157","linux-image-4.4.0-133-generic=4.4.0-133.159","linux-image-4.4.0-134-generic=4.4.0-134.160","linux-image-4.4.0-135-generic=4.4.0-135.161","linux-image-4.4.0-137-generic=4.4.0-137.163","linux-image-4.4.0-138-generic=4.4.0-138.164","linux-image-4.4.0-139-generic=4.4.0-139.165","linux-image-4.4.0-140-generic=4.4.0-140.166","linux-image-4.4.0-141-generic=4.4.0-141.167","linux-image-4.4.0-142-generic=4.4.0-142.168","linux-image-4.4.0-143-generic=4.4.0-143.169","linux-image-4.4.0-146-generic=4.4.0-146.172","linux-image-4.4.0-148-generic=4.4.0-148.174","linux-image-4.4.0-150-generic=4.4.0-150.176","linux-image-4.4.0-151-generic=4.4.0-151.178","linux-image-4.4.0-154-generic=4.4.0-154.181","linux-image-4.4.0-157-generic=4.4.0-157.185","linux-image-4.4.0-159-generic=4.4.0-159.187","linux-image-4.4.0-161-generic=4.4.0-161.189","linux-image-4.4.0-165-generic=4.4.0-165.193","linux-image-4.4.0-166-generic=4.4.0-166.195","linux-image-4.4.0-168-generic=4.4.0-168.197","linux-image-4.4.0-169-generic=4.4.0-169.198","linux-image-4.4.0-170-generic=4.4.0-170.199","linux-image-4.4.0-171-generic=4.4.0-171.200","linux-image-4.4.0-173-generic=4.4.0-173.203","linux-image-4.4.0-174-generic=4.4.0-174.204","linux-image-4.4.0-176-generic=4.4.0-176.206","linux-image-4.4.0-177-generic=4.4.0-177.207","linux-image-4.4.0-178-generic=4.4.0-178.208","linux-image-4.4.0-179-generic=4.4.0-179.209","linux-image-4.4.0-184-generic=4.4.0-184.214","linux-image-4.4.0-185-generic=4.4.0-185.215","linux-image-4.4.0-186-generic=4.4.0-186.216","linux-image-4.4.0-187-generic=4.4.0-187.217","linux-image-4.4.0-189-generic=4.4.0-189.219","linux-image-4.4.0-190-generic=4.4.0-190.220","linux-image-4.4.0-193-generic=4.4.0-193.224","linux-image-4.4.0-194-generic=4.4.0-194.226","linux-image-4.4.0-210-generic=4.4.0-210.242","linux-image-4.4.0-87-generic=4.4.0-87.110","linux-image-4.4.0-97-generic=4.4.0-97.120","linux-image-4.4.0-98-generic=4.4.0-98.121","linux-image-5.4.0-100-generic=5.4.0-100.113","linux-image-5.4.0-124-generic=5.4.0-124.140","linux-image-5.4.0-88-generic=5.4.0-88.99","linux-image-5.4.0-91-generic=5.4.0-91.102","linux-image-extra-4.4.0-101-generic=4.4.0-101.124","linux-image-extra-4.4.0-104-generic=4.4.0-104.127","linux-image-extra-4.4.0-108-generic=4.4.0-108.131","linux-image-extra-4.4.0-109-generic=4.4.0-109.132","linux-image-extra-4.4.0-112-generic=4.4.0-112.135","linux-image-extra-4.4.0-116-generic=4.4.0-116.140","linux-image-extra-4.4.0-119-generic=4.4.0-119.143","linux-image-extra-4.4.0-121-generic=4.4.0-121.145","linux-image-extra-4.4.0-124-generic=4.4.0-124.148","linux-image-extra-4.4.0-127-generic=4.4.0-127.153","linux-image-extra-4.4.0-128-generic=4.4.0-128.154","linux-image-extra-4.4.0-130-generic=4.4.0-130.156","linux-image-extra-4.4.0-131-generic=4.4.0-131.157","linux-image-extra-4.4.0-133-generic=4.4.0-133.159","linux-image-extra-4.4.0-134-generic=4.4.0-134.160","linux-image-extra-4.4.0-135-generic=4.4.0-135.161","linux-image-extra-4.4.0-137-generic=4.4.0-137.163","linux-image-extra-4.4.0-138-generic=4.4.0-138.164","linux-image-extra-4.4.0-139-generic=4.4.0-139.165","linux-image-extra-4.4.0-140-generic=4.4.0-140.166","linux-image-extra-4.4.0-141-generic=4.4.0-141.167","linux-image-extra-4.4.0-142-generic=4.4.0-142.168","linux-image-extra-4.4.0-87-generic=4.4.0-87.110","linux-image-extra-4.4.0-97-generic=4.4.0-97.120","linux-image-extra-4.4.0-98-generic=4.4.0-98.121","linux-image-generic=5.4.0.124.125","linux-libc-dev=5.4.0-124.140","linux-modules-4.15.0-158-generic=4.15.0-158.166","linux-modules-4.4.0-143-generic=4.4.0-143.169","linux-modules-4.4.0-146-generic=4.4.0-146.172","linux-modules-4.4.0-148-generic=4.4.0-148.174","linux-modules-4.4.0-150-generic=4.4.0-150.176","linux-modules-4.4.0-151-generic=4.4.0-151.178","linux-modules-4.4.0-154-generic=4.4.0-154.181","linux-modules-4.4.0-157-generic=4.4.0-157.185","linux-modules-4.4.0-159-generic=4.4.0-159.187","linux-modules-4.4.0-161-generic=4.4.0-161.189","linux-modules-4.4.0-165-generic=4.4.0-165.193","linux-modules-4.4.0-166-generic=4.4.0-166.195","linux-modules-4.4.0-168-generic=4.4.0-168.197","linux-modules-4.4.0-169-generic=4.4.0-169.198","linux-modules-4.4.0-170-generic=4.4.0-170.199","linux-modules-4.4.0-171-generic=4.4.0-171.200","linux-modules-4.4.0-173-generic=4.4.0-173.203","linux-modules-4.4.0-174-generic=4.4.0-174.204","linux-modules-4.4.0-176-generic=4.4.0-176.206","linux-modules-4.4.0-177-generic=4.4.0-177.207","linux-modules-4.4.0-178-generic=4.4.0-178.208","linux-modules-4.4.0-179-generic=4.4.0-179.209","linux-modules-4.4.0-184-generic=4.4.0-184.214","linux-modules-4.4.0-185-generic=4.4.0-185.215","linux-modules-4.4.0-186-generic=4.4.0-186.216","linux-modules-4.4.0-187-generic=4.4.0-187.217","linux-modules-4.4.0-189-generic=4.4.0-189.219","linux-modules-4.4.0-190-generic=4.4.0-190.220","linux-modules-4.4.0-193-generic=4.4.0-193.224","linux-modules-4.4.0-194-generic=4.4.0-194.226","linux-modules-4.4.0-210-generic=4.4.0-210.242","linux-modules-5.4.0-100-generic=5.4.0-100.113","linux-modules-5.4.0-124-generic=5.4.0-124.140","linux-modules-5.4.0-88-generic=5.4.0-88.99","linux-modules-5.4.0-91-generic=5.4.0-91.102","linux-modules-extra-4.15.0-158-generic=4.15.0-158.166","linux-modules-extra-4.4.0-143-generic=4.4.0-143.169","linux-modules-extra-4.4.0-146-generic=4.4.0-146.172","linux-modules-extra-4.4.0-148-generic=4.4.0-148.174","linux-modules-extra-4.4.0-150-generic=4.4.0-150.176","linux-modules-extra-4.4.0-151-generic=4.4.0-151.178","linux-modules-extra-4.4.0-154-generic=4.4.0-154.181","linux-modules-extra-4.4.0-157-generic=4.4.0-157.185","linux-modules-extra-4.4.0-159-generic=4.4.0-159.187","linux-modules-extra-4.4.0-161-generic=4.4.0-161.189","linux-modules-extra-4.4.0-165-generic=4.4.0-165.193","linux-modules-extra-4.4.0-166-generic=4.4.0-166.195","linux-modules-extra-4.4.0-168-generic=4.4.0-168.197","linux-modules-extra-4.4.0-169-generic=4.4.0-169.198","linux-modules-extra-4.4.0-170-generic=4.4.0-170.199","linux-modules-extra-4.4.0-171-generic=4.4.0-171.200","linux-modules-extra-4.4.0-173-generic=4.4.0-173.203","linux-modules-extra-4.4.0-174-generic=4.4.0-174.204","linux-modules-extra-4.4.0-176-generic=4.4.0-176.206","linux-modules-extra-4.4.0-177-generic=4.4.0-177.207","linux-modules-extra-4.4.0-178-generic=4.4.0-178.208","linux-modules-extra-4.4.0-179-generic=4.4.0-179.209","linux-modules-extra-4.4.0-184-generic=4.4.0-184.214","linux-modules-extra-4.4.0-185-generic=4.4.0-185.215","linux-modules-extra-4.4.0-186-generic=4.4.0-186.216","linux-modules-extra-4.4.0-187-generic=4.4.0-187.217","linux-modules-extra-4.4.0-189-generic=4.4.0-189.219","linux-modules-extra-4.4.0-190-generic=4.4.0-190.220","linux-modules-extra-4.4.0-193-generic=4.4.0-193.224","linux-modules-extra-4.4.0-194-generic=4.4.0-194.226","linux-modules-extra-4.4.0-210-generic=4.4.0-210.242","linux-modules-extra-5.4.0-100-generic=5.4.0-100.113","linux-modules-extra-5.4.0-124-generic=5.4.0-124.140","linux-modules-extra-5.4.0-88-generic=5.4.0-88.99","linux-modules-extra-5.4.0-91-generic=5.4.0-91.102","linux-signed-image-4.4.0-101-generic=4.4.0-101.124","linux-signed-image-4.4.0-104-generic=4.4.0-104.127","linux-signed-image-4.4.0-108-generic=4.4.0-108.131","linux-signed-image-4.4.0-109-generic=4.4.0-109.132","linux-signed-image-4.4.0-112-generic=4.4.0-112.135","linux-signed-image-4.4.0-116-generic=4.4.0-116.140","linux-signed-image-4.4.0-119-generic=4.4.0-119.143","linux-signed-image-4.4.0-121-generic=4.4.0-121.145","linux-signed-image-4.4.0-124-generic=4.4.0-124.148","linux-signed-image-4.4.0-127-generic=4.4.0-127.153","linux-signed-image-4.4.0-128-generic=4.4.0-128.154","linux-signed-image-4.4.0-130-generic=4.4.0-130.156","linux-signed-image-4.4.0-131-generic=4.4.0-131.157","linux-signed-image-4.4.0-133-generic=4.4.0-133.159","linux-signed-image-4.4.0-134-generic=4.4.0-134.160","linux-signed-image-4.4.0-135-generic=4.4.0-135.161","linux-signed-image-4.4.0-137-generic=4.4.0-137.163","linux-signed-image-4.4.0-138-generic=4.4.0-138.164","linux-signed-image-4.4.0-139-generic=4.4.0-139.165","linux-signed-image-4.4.0-140-generic=4.4.0-140.166","linux-signed-image-4.4.0-141-generic=4.4.0-141.167","linux-signed-image-4.4.0-142-generic=4.4.0-142.168","linux-signed-image-4.4.0-87-generic=4.4.0-87.110","linux-signed-image-4.4.0-97-generic=4.4.0-97.120","linux-signed-image-4.4.0-98-generic=4.4.0-98.121","lm-sensors=1:3.6.0-2ubuntu1.1","locales=2.31-0ubuntu9.9","login=1:4.8.1-1ubuntu5.20.04.2","logrotate=3.14.0-4ubuntu3","logsave=1.45.5-2ubuntu1.1","lsb-base=11.1.0ubuntu2","lsb-release=11.1.0ubuntu2","lshw=02.18.85-0.3ubuntu2.20.04.1","lsof=4.93.2+dfsg-1ubuntu0.20.04.1","ltrace=0.7.3-6.1ubuntu1","lvm2=2.03.07-1ubuntu1","lxc-common=2.0.11-0ubuntu1~16.04.3","lxcfs=4.0.3-0ubuntu1","lxd-agent-loader=0.4","lxd-client=1:0.10","lxd=1:0.10","lz4=1.9.2-2ubuntu0.20.04.1","make=4.2.1-1.2","makedev=2.3.1-94","man-db=2.9.1-1","manpages-dev=5.05-1","manpages=5.05-1","mawk=1.3.4.20200120-2","mdadm=4.1-5ubuntu1.2","mercurial-common=5.3.1-1ubuntu1","mercurial=5.3.1-1ubuntu1","mesa-va-drivers=21.2.6-0ubuntu0.1~20.04.2","mesa-vdpau-drivers=21.2.6-0ubuntu0.1~20.04.2","mesa-vulkan-drivers=21.2.6-0ubuntu0.1~20.04.2","mesa-vulkan-drivers=21.2.6-0ubuntu0.1~20.04.2","mime-support=3.64ubuntu1","mlocate=0.26-3ubuntu3","modemmanager=1.18.6-1~ubuntu20.04.1","mokutil=0.3.0+1538710437.fb6250f-1","motd-news-config=11ubuntu5.5","mount=2.34-0.1ubuntu9.3","mountall=2.54ubuntu1","mtr-tiny=0.93-1","multiarch-support=2.27-3ubuntu1.4","multipath-tools=0.8.3-1ubuntu2","mutter-common=3.36.9-0ubuntu0.20.04.2","mutter=3.36.9-0ubuntu0.20.04.2","nano=4.8-1ubuntu1","ncurses-base=6.2-0ubuntu2","ncurses-bin=6.2-0ubuntu2","ncurses-term=6.2-0ubuntu2","net-tools=1.60+git20180626.aebd88e-1ubuntu1","netbase=6.1","netcat-openbsd=1.206-1ubuntu1","netplan.io=0.104-0ubuntu2~20.04.2","network-manager-gnome=1.8.24-1ubuntu3","network-manager-pptp=1.2.8-2","network-manager=1.22.10-1ubuntu2.2","networkd-dispatcher=2.1-2~ubuntu20.04.3","nfs-common=1:1.3.4-2.5ubuntu3.4","nginx-common=1.18.0-0ubuntu1.3","nginx-core=1.18.0-0ubuntu1.3","nginx=1.18.0-0ubuntu1.3","node-html5shiv=3.7.3+dfsg-3","notification-daemon=3.20.0-4","nscd=2.31-0ubuntu9.9","nsight-compute-2020.3.1=2020.3.1.4-1","nsight-systems-2020.4.3=2020.4.3.7-10543b6","ntfs-3g=1:2017.3.23AR.3-3ubuntu1.2","nvidia-compute-utils-515=515.65.01-0ubuntu1","nvidia-dkms-515=515.65.01-0ubuntu1","nvidia-driver-515=515.65.01-0ubuntu1","nvidia-fs-dkms=2.12.8-1","nvidia-kernel-common-515=515.65.01-0ubuntu1","nvidia-kernel-source-515=515.65.01-0ubuntu1","nvidia-modprobe=515.65.01-0ubuntu1","nvidia-prime=0.8.16~0.20.04.2","nvidia-settings=515.65.01-0ubuntu1","nvidia-utils-515=515.65.01-0ubuntu1","ocl-icd-libopencl1=2.2.11-1ubuntu1","odbcinst=2.3.6-0.1build1","open-iscsi=2.0.874-7.1ubuntu6.2","open-vm-tools=2:11.3.0-2ubuntu0~ubuntu20.04.2","openjdk-11-jre-headless=11.0.16+8-0ubuntu1~20.04","openjdk-11-jre=11.0.16+8-0ubuntu1~20.04","openjdk-8-jre-headless=8u292-b10-0ubuntu1~20.04","openmpi-bin=4.0.3-0ubuntu1","openssh-client=1:8.2p1-4ubuntu0.5","openssh-server=1:8.2p1-4ubuntu0.5","openssh-sftp-server=1:8.2p1-4ubuntu0.5","openssl=1.1.1f-1ubuntu2.16","os-prober=1.74ubuntu2","overlayroot=0.45ubuntu2","p11-kit-modules=0.23.20-1ubuntu0.1","p11-kit=0.23.20-1ubuntu0.1","p7zip-full=16.02+dfsg-7build1","p7zip=16.02+dfsg-7build1","packagekit-tools=1.1.13-2ubuntu1.1","packagekit=1.1.13-2ubuntu1.1","pandoc-data=2.5-3build2","pandoc=2.5-3build2","parted=3.3-4ubuntu0.20.04.1","passwd=1:4.8.1-1ubuntu5.20.04.2","pastebinit=1.5.1-1","patch=2.7.6-6","pci.ids=0.0~2020.03.20-1","pciutils=1:3.6.4-1ubuntu0.20.04.1","perl-base=5.30.0-9ubuntu0.2","perl-modules-5.30=5.30.0-9ubuntu0.2","perl=5.30.0-9ubuntu0.2","pigz=2.4-1","pinentry-gnome3=1.1.0-3build1","pkg-config=0.29.1-0ubuntu4","plymouth-theme-ubuntu-text=0.9.4git20200323-0ubuntu6.2","plymouth=0.9.4git20200323-0ubuntu6.2","policykit-1-gnome=0.105-7ubuntu2","policykit-1=0.105-26ubuntu1.3","pollinate=4.33-3ubuntu1.20.04.1","poppler-data=0.4.9-2","popularity-contest=1.69ubuntu1","powermgmt-base=1.36","ppp=2.4.7-2+4.1ubuntu5.1","procps=2:3.3.16-1ubuntu2.3","psmisc=23.3-1","publicsuffix=20200303.0012-1","pyflakes3=2.1.1-2","pyflakes=2.1.1-2","pylint=2.4.4-2","python-apt-common=2.0.0ubuntu0.20.04.7","python-babel-localedata=2.6.0+dfsg.1-1ubuntu2.2","python-dev-is-python2=2.7.17-4","python-is-python2=2.7.17-4","python-pip-whl=20.0.2-5ubuntu1.6","python-pkg-resources=44.0.0-2","python-pyflakes=2.1.1-2","python-qtawesome-common=0.4.4+ds1-3","python-tk=2.7.18-1","python2-dev=2.7.17-2ubuntu4","python2-minimal=2.7.17-2ubuntu4","python2.7-dev=2.7.18-1~20.04.3","python2.7-minimal=2.7.18-1~20.04.3","python2.7=2.7.18-1~20.04.3","python2=2.7.17-2ubuntu4","python3-alabaster=0.7.8-1build1","python3-appdirs=1.4.3-2.1","python3-apport=2.20.11-0ubuntu27.24","python3-apt=2.0.0ubuntu0.20.04.7","python3-aptdaemon.pkcompat=1.1.1+bzr982-0ubuntu14.5","python3-astroid=2.3.3-1","python3-attr=19.3.0-2","python3-automat=0.8.0-1ubuntu1","python3-babel=2.6.0+dfsg.1-1ubuntu2.2","python3-backcall=0.1.0-2","python3-bleach=3.1.1-1","python3-blinker=1.4+dfsg1-0.3ubuntu1","python3-certifi=2019.11.28-1","python3-cffi-backend=1.14.0-1build1","python3-chardet=3.0.4-4build1","python3-click=7.0-3","python3-cloudpickle=1.3.0-1","python3-colorama=0.4.3-1build1","python3-commandnotfound=20.04.6","python3-configobj=5.0.6-4","python3-constantly=15.1.0-1build1","python3-crypto=2.6.1-13ubuntu2","python3-cryptography=2.8-3ubuntu0.1","python3-dateutil=2.7.3-3ubuntu1","python3-dbus=1.2.16-1build1","python3-debconf=1.5.73","python3-debian=0.1.36ubuntu1","python3-decorator=4.4.2-0ubuntu1","python3-defusedxml=0.6.0-2","python3-dev=3.8.2-0ubuntu2","python3-distlib=0.3.0-1","python3-distro-info=0.23ubuntu1","python3-distro=1.4.0-1","python3-distupgrade=1:20.04.38","python3-distutils=3.8.10-0ubuntu1~20.04","python3-docutils=0.16+dfsg-2","python3-entrypoints=0.3-2ubuntu1","python3-filelock=3.0.12-2","python3-gdbm=3.8.10-0ubuntu1~20.04","python3-gi=3.36.0-1","python3-hamcrest=1.9.0-3","python3-html5lib=1.0.1-2","python3-httplib2=0.14.0-1ubuntu1","python3-hyperlink=19.0.0-1","python3-idna=2.8-1","python3-imagesize=1.2.0-1","python3-importlib-metadata=1.5.0-1","python3-incremental=16.10.1-3.2","python3-ipykernel=5.2.0-1","python3-ipython-genutils=0.2.0-1ubuntu1","python3-ipython=7.13.0-1","python3-isort=4.3.4+ds1-2","python3-jedi=0.15.2-1","python3-jinja2=2.10.1-2","python3-jsonschema=3.2.0-0ubuntu2","python3-jupyter-client=6.1.2-1","python3-jupyter-core=4.6.3-3","python3-jwt=1.7.1-2ubuntu2.1","python3-keyring=18.0.1-2ubuntu1","python3-launchpadlib=1.10.13-1","python3-lazr.restfulclient=0.14.2-2build1","python3-lazr.uri=1.0.3-4build1","python3-lazy-object-proxy=1.4.3-1build1","python3-ldb=2:2.2.3-0ubuntu0.20.04.3","python3-lib2to3=3.8.10-0ubuntu1~20.04","python3-logilab-common=1.4.3-2","python3-markupsafe=1.1.0-1build2","python3-mccabe=0.6.1-3","python3-minimal=3.8.2-0ubuntu2","python3-mistune=0.8.4-2","python3-mock=3.0.5-1build1","python3-more-itertools=4.2.0-1build1","python3-nbconvert=5.6.1-1","python3-nbformat=5.0.4-1","python3-netifaces=0.10.4-1ubuntu4","python3-newt=0.52.21-4ubuntu2","python3-numpydoc=0.7.0-2","python3-oauthlib=3.1.0-1ubuntu2","python3-olefile=0.46-2","python3-openssl=19.0.0-1build1","python3-packaging=20.3-1","python3-pandocfilters=1.4.2-2","python3-parso=0.5.2-1ubuntu1","python3-pbr=5.4.5-0ubuntu1","python3-pexpect=4.6.0-1build1","python3-pickleshare=0.7.5-2","python3-pil=7.0.0-4ubuntu0.5","python3-pip=20.0.2-5ubuntu1.6","python3-pkg-resources=45.2.0-1","python3-problem-report=2.20.11-0ubuntu27.24","python3-prompt-toolkit=2.0.10-2","python3-psutil=5.5.1-1ubuntu4","python3-ptyprocess=0.6.0-1ubuntu1","python3-pyasn1-modules=0.2.1-0.2build1","python3-pyasn1=0.4.2-3build1","python3-pycodestyle=2.5.0-2","python3-pycurl=7.43.0.2-1ubuntu5","python3-pyflakes=2.1.1-2","python3-pygments=2.3.1+dfsg-1ubuntu2.2","python3-pyparsing=2.4.6-1","python3-pyqt5.qtmultimedia=5.14.1+dfsg-3build1","python3-pyqt5.qtopengl=5.14.1+dfsg-3build1","python3-pyqt5.qtpositioning=5.14.1+dfsg-3build1","python3-pyqt5.qtquick=5.14.1+dfsg-3build1","python3-pyqt5.qtsql=5.14.1+dfsg-3build1","python3-pyqt5.qtsvg=5.14.1+dfsg-3build1","python3-pyqt5.qtwebchannel=5.14.1+dfsg-3build1","python3-pyqt5.qtwebkit=5.14.1+dfsg-3build1","python3-pyqt5.qtwebsockets=5.14.1+dfsg-3build1","python3-pyqt5.qtxmlpatterns=5.14.1+dfsg-3build1","python3-pyqt5=5.14.1+dfsg-3build1","python3-pyrsistent=0.15.5-1build1","python3-qtawesome=0.4.4+ds1-3","python3-qtconsole=4.6.0-1","python3-qtpy=1.9.0-3","python3-requests-unixsocket=0.2.0-2","python3-requests=2.22.0-2ubuntu1","python3-roman=2.0.0-3build1","python3-rope=0.10.5-4","python3-secretstorage=2.3.1-2ubuntu1","python3-service-identity=18.1.0-5build1","python3-setuptools=45.2.0-1","python3-simplejson=3.16.0-2ubuntu2","python3-sip=4.19.21+dfsg-1build1","python3-six=1.14.0-2","python3-software-properties=0.99.9.8","python3-sphinx=1.8.5-7ubuntu3","python3-spyder-kernels=1.5.0~really0.5.2-1","python3-spyder=3.3.6+dfsg1-4build1","python3-sss=2.2.3-3ubuntu0.9","python3-svn=1.9.9-2.1build1","python3-systemd=234-3build2","python3-talloc=2.3.1-0ubuntu0.20.04.1","python3-testpath=0.4.4+dfsg-1","python3-tk=3.8.10-0ubuntu1~20.04","python3-tornado=6.0.3+really5.1.1-3","python3-traitlets=4.3.3-3","python3-twisted-bin=18.9.0-11ubuntu0.20.04.2","python3-twisted=18.9.0-11ubuntu0.20.04.2","python3-tz=2019.3-1","python3-update-manager=1:20.04.10.10","python3-urllib3=1.25.8-2ubuntu0.1","python3-venv=3.8.2-0ubuntu2","python3-virtualenv=20.0.17-1ubuntu0.4","python3-wadllib=1.3.3-3build1","python3-wcwidth=0.1.8+dfsg1-3","python3-webencodings=0.5.1-1ubuntu1","python3-wheel=0.34.2-1","python3-wrapt=1.11.2-2build1","python3-xkit=0.5.0ubuntu4","python3-yaml=5.3.1-1ubuntu0.1","python3-zipp=1.0.0-1","python3-zmq=18.1.1-3","python3-zope.interface=4.7.1-1","python3.5-minimal=3.5.10-1+focal3","python3.5-venv=3.5.10-1+focal3","python3.5=3.5.10-1+focal3","python3.8-dev=3.8.10-0ubuntu1~20.04.5","python3.8-minimal=3.8.10-0ubuntu1~20.04.5","python3.8-venv=3.8.10-0ubuntu1~20.04.5","python3.8=3.8.10-0ubuntu1~20.04.5","python3.9-dev=3.9.13-1+focal1","python3.9-minimal=3.9.13-1+focal1","python3.9-venv=3.9.13-1+focal1","python3.9=3.9.13-1+focal1","python3=3.8.2-0ubuntu2","python=2.7.15~rc1-1","qt5-gtk-platformtheme=5.12.8+dfsg-0ubuntu2.1","qttranslations5-l10n=5.12.8-0ubuntu1","readline-common=8.0-4","rename=1.10-1","reptyr=0.6.2-1.3","resolvconf=1.82","rpcbind=1.2.5-8","rsync=3.1.3-8ubuntu0.3","rsyslog=8.2001.0-1ubuntu1.3","rtkit=0.12-4","run-one=1.17-0ubuntu1","rygel=0.38.3-1ubuntu1","samba-libs=2:4.13.17~dfsg-0ubuntu1.20.04.1","sane-utils=1.0.29-0ubuntu5.2","sbsigntool=0.9.2-2ubuntu1.1","screen-resolution-extra=0.18build1","screen=4.8.0-1ubuntu0.1","secureboot-db=1.5","sed=4.7-1","sensible-utils=0.0.12+nmu1","sg3-utils-udev=1.44-1ubuntu2","sg3-utils=1.44-1ubuntu2","sgml-base=1.29.1","shared-mime-info=1.15-1","shim-signed=1.40.7+15.4-0ubuntu9","signond=8.59+17.10.20170606-0ubuntu1","snapd=2.55.5+20.04","software-properties-common=0.99.9.8","sosreport=4.3-1ubuntu0.20.04.1","sound-theme-freedesktop=0.8-2ubuntu1","sphinx-common=1.8.5-7ubuntu3","spyder-common=3.3.6+dfsg1-4build1","spyder3=3.3.6+dfsg1-4build1","spyder=3.3.6+dfsg1-4build1","squashfs-tools=1:4.4-1ubuntu0.3","ssh-import-id=5.10-0ubuntu1","sssd-ad-common=2.2.3-3ubuntu0.9","sssd-ad=2.2.3-3ubuntu0.9","sssd-common=2.2.3-3ubuntu0.9","sssd-ipa=2.2.3-3ubuntu0.9","sssd-krb5-common=2.2.3-3ubuntu0.9","sssd-krb5=2.2.3-3ubuntu0.9","sssd-ldap=2.2.3-3ubuntu0.9","sssd-proxy=2.2.3-3ubuntu0.9","sssd=2.2.3-3ubuntu0.9","strace=5.5-3ubuntu1","sudo=1.8.31-1ubuntu1.2","system-config-printer-common=1.5.12-0ubuntu1.1","system-config-printer-gnome=1.5.11-1ubuntu2","system-config-printer=1.5.12-0ubuntu1.1","systemd-sysv=245.4-4ubuntu3.17","systemd-timesyncd=245.4-4ubuntu3.17","systemd=245.4-4ubuntu3.17","sysv-rc=2.88dsf-59.3ubuntu2","sysvinit-utils=2.96-2.1ubuntu1","tar=1.30+dfsg-7ubuntu0.20.04.2","tasksel-data=3.34ubuntu16","tasksel=3.34ubuntu16","tcl-dev=8.6.9+1","tcl8.6-dev=8.6.10+dfsg-1","tcl8.6=8.6.10+dfsg-1","tcl=8.6.9+1","tcpd=7.6.q-30","tcpdump=4.9.3-4ubuntu0.1","telnet=0.17-41.2build1","thermald=1.9.1-1ubuntu0.6","thin-provisioning-tools=0.8.5-4build1","time=1.7-25.1build1","tk-dev=8.6.9+1","tk8.6-blt2.5=2.5.3+dfsg-4","tk8.6-dev=8.6.10-1","tk8.6=8.6.10-1","tk=8.6.9+1","tmux=3.0a-2ubuntu0.3","tpm-udev=0.4","ttf-bitstream-vera=1.10-8","tzdata=2022a-0ubuntu0.20.04","ubuntu-advantage-tools=27.9~20.04.1","ubuntu-cloudimage-keyring=2020.02.11.4","ubuntu-keyring=2020.02.11.4","ubuntu-minimal=1.450.2","ubuntu-mono=19.04-0ubuntu3","ubuntu-release-upgrader-core=1:20.04.38","ubuntu-server=1.450.2","ubuntu-standard=1.450.2","ubuntu-wallpapers-focal=20.04.2-0ubuntu1","ubuntu-wallpapers=20.04.2-0ubuntu1","ucf=3.0038+nmu1","udev=245.4-4ubuntu3.17","udisks2=2.8.4-1ubuntu2","ufw=0.36-6ubuntu1","uidmap=1:4.8.1-1ubuntu5.20.04.2","unattended-upgrades=2.3ubuntu0.3","unity-control-center=15.04.0+18.04.20180216-0ubuntu1","unity-greeter=18.04.0+18.04.20180314.1-0ubuntu2","unity-settings-daemon=15.04.1+18.04.20180413-0ubuntu1.2","unzip=6.0-25ubuntu1","update-inetd=4.50","update-manager-core=1:20.04.10.10","update-notifier-common=3.192.30.11","upower=0.99.11-1build2","upstart=1.13.2-0ubuntu21.1","ureadahead=0.100.0-21","usb-modeswitch-data=20191128-3","usb-modeswitch=2.5.2+repack0-2ubuntu3","usb.ids=2020.03.19-1","usbmuxd=1.1.1~git20191130.9af2b12-1","usbutils=1:012-2","util-linux=2.34-0.1ubuntu9.3","uuid-dev=2.34-0.1ubuntu9.3","uuid-runtime=2.34-0.1ubuntu9.3","va-driver-all=2.7.0-2","vdpau-driver-all=1.3-1ubuntu2","vim-common=2:8.1.2269-1ubuntu5.7","vim-runtime=2:8.1.2269-1ubuntu5.7","vim-tiny=2:8.1.2269-1ubuntu5.7","vim=2:8.1.2269-1ubuntu5.7","virtualenv=20.0.17-1ubuntu0.4","vlan=2.0.4ubuntu1.20.04.1","wamerican=2018.04.16-1","wget=1.20.3-1ubuntu2","whiptail=0.52.21-4ubuntu2","whoopsie-preferences=22","wireless-regdb=2022.06.06-0ubuntu1~20.04.1","wpasupplicant=2:2.9-1ubuntu4.3","x11-apps=7.7+8","x11-common=1:7.7+19ubuntu14","x11-utils=7.7+5","x11-xkb-utils=7.7+5","x11-xserver-utils=7.7+8","x11proto-core-dev=2019.2-1ubuntu1","x11proto-dev=2019.2-1ubuntu1","x11proto-render-dev=2:2019.2-1ubuntu1","x11proto-scrnsaver-dev=2019.2-1ubuntu1","x11proto-xext-dev=2019.2-1ubuntu1","xauth=1:1.1-0ubuntu1","xbitmaps=1.1.1-2","xdg-dbus-proxy=0.1.2-1","xdg-user-dirs=0.17-2ubuntu1","xfonts-base=1:1.0.5","xfonts-encodings=1:1.0.5-0ubuntu1","xfonts-utils=1:7.7+6","xfsprogs=5.3.0-1ubuntu2","xkb-data=2.29-2","xml-core=0.18+nmu1","xorg-sgml-doctools=1:1.11-1","xserver-common=2:1.20.13-1ubuntu1~20.04.3","xserver-xorg-core=2:1.20.13-1ubuntu1~20.04.3","xserver-xorg-legacy=2:1.20.11-1ubuntu1~20.04.2","xserver-xorg-video-intel=2:2.99.917+git20200226-1","xserver-xorg-video-nvidia-515=515.65.01-0ubuntu1","xserver-xorg=1:7.7+19ubuntu14","xterm=353-1ubuntu1.20.04.2","xtrans-dev=1.4.0-1","xxd=2:8.1.2269-1ubuntu5.7","xz-utils=5.2.4-1ubuntu1.1","zeitgeist-core=1.0-0.1ubuntu1","zenity-common=3.32.0-5","zenity=3.32.0-5","zerofree=1.1.1-1","zip=3.0-11build1","zlib1g-dev=1:1.2.11.dfsg-2ubuntu1.3","zlib1g=1:1.2.11.dfsg-2ubuntu1.3","zlib1g=1:1.2.11.dfsg-2ubuntu1.3","zlibc=0.9k-4.3","zsh-common=5.8-3ubuntu1.1","zsh-syntax-highlighting=0.6.0-3","zsh=5.8-3ubuntu1.1"]},"type":"ws_msg"}
{"payload":{"env_details":{"command":["train.py","--img","640","--batch","16","--epochs","5","--data","Hoverfly-Detection-2/data.yaml","--weights","yolov5s.pt"],"env":null,"hostname":"kibeast","ip":"130.75.125.228","machine":"x86_64","os":"Linux-5.4.0-124-generic-x86_64-with-glibc2.29","os_release":"5.4.0-124-generic","os_type":"Linux","pid":261049,"processor":"x86_64","python_exe":"/usr/bin/python3","python_version":"3.8.10","python_version_verbose":"3.8.10 (default, Jun 22 2022, 20:18:18) \n[GCC 9.4.0]","user":"student3"},"local_timestamp":1674041635623},"type":"ws_msg"}
{"payload":{"gpu_static_info":[{"gpu_index":0,"name":"NVIDIA GeForce GTX 1080 Ti","power_limit":280000,"total_memory":11811160064,"uuid":"GPU-e55ee624-833a-cddc-d6b4-821c4ca20737"},{"gpu_index":1,"name":"NVIDIA GeForce GTX 1080 Ti","power_limit":280000,"total_memory":11811160064,"uuid":"GPU-350b2d47-493c-a811-b35a-4c83a3377ba3"},{"gpu_index":2,"name":"NVIDIA GeForce GTX 1080 Ti","power_limit":280000,"total_memory":11811160064,"uuid":"GPU-9b98b41b-c425-3b1b-38aa-91c4d065c0e8"},{"gpu_index":3,"name":"NVIDIA GeForce GTX 1080 Ti","power_limit":280000,"total_memory":11811160064,"uuid":"GPU-69ae4b4c-d8da-75fa-8f8d-b6d3988252d9"}],"local_timestamp":1674041635624},"type":"ws_msg"}
{"payload":{"local_timestamp":1674041635625,"metric":{"epoch":null,"metricName":"sys.gpu.0.total_memory","metricValue":11811160064,"step":null}},"type":"metric_msg"}
{"payload":{"local_timestamp":1674041635625,"metric":{"epoch":null,"metricName":"sys.gpu.1.total_memory","metricValue":11811160064,"step":null}},"type":"metric_msg"}
{"payload":{"local_timestamp":1674041635625,"metric":{"epoch":null,"metricName":"sys.gpu.2.total_memory","metricValue":11811160064,"step":null}},"type":"metric_msg"}
{"payload":{"local_timestamp":1674041635625,"metric":{"epoch":null,"metricName":"sys.gpu.3.total_memory","metricValue":11811160064,"step":null}},"type":"metric_msg"}
{"payload":{"local_timestamp":1674041635626,"param":{"paramName":"img","paramValue":640,"source":"cli","step":null}},"type":"parameter_msg"}
{"payload":{"local_timestamp":1674041635627,"param":{"paramName":"batch","paramValue":16,"source":"cli","step":null}},"type":"parameter_msg"}
{"payload":{"local_timestamp":1674041635627,"param":{"paramName":"epochs","paramValue":5,"source":"cli","step":null}},"type":"parameter_msg"}
{"payload":{"local_timestamp":1674041635627,"param":{"paramName":"data","paramValue":"Hoverfly-Detection-2/data.yaml","source":"cli","step":null}},"type":"parameter_msg"}
{"payload":{"local_timestamp":1674041635627,"param":{"paramName":"weights","paramValue":"yolov5s.pt","source":"cli","step":null}},"type":"parameter_msg"}
{"payload":{"local_timestamp":1674041635628,"log_other":{"key":"offline_experiment","val":true}},"type":"ws_msg"}
{"payload":{"local_timestamp":1674041635634,"stderr":false,"stdout":"{'names': ['Hoverfly', 'Other Insect'], 'nc': 2, 'roboflow': {'license': 'CC BY 4.0', 'project': 'hoverfly-detection', 'url': 'https://universe.roboflow.com/leibniz-universitt-hannover-bachelorarbeit/hoverfly-detection/dataset/2', 'version': 2, 'workspace': 'leibniz-universitt-hannover-bachelorarbeit'}, 'test': '../test/images', 'train': 'Hoverfly-Detection-2/train/images', 'val': 'Hoverfly-Detection-2/valid/images'}"},"type":"ws_msg"}
{"payload":{"local_timestamp":1674041635634,"stderr":false,"stdout":"\n"},"type":"ws_msg"}
{"payload":{"local_timestamp":1674041635636,"metric":{"epoch":null,"metricName":"sys.cpu.percent.avg","metricValue":6.16,"step":null}},"type":"metric_msg"}
{"payload":{"local_timestamp":1674041635636,"metric":{"epoch":null,"metricName":"sys.cpu.percent.01","metricValue":9.4,"step":null}},"type":"metric_msg"}
{"payload":{"local_timestamp":1674041635636,"metric":{"epoch":null,"metricName":"sys.cpu.percent.02","metricValue":6.6,"step":null}},"type":"metric_msg"}
{"payload":{"local_timestamp":1674041635636,"metric":{"epoch":null,"metricName":"sys.cpu.percent.03","metricValue":5.5,"step":null}},"type":"metric_msg"}
{"payload":{"local_timestamp":1674041635636,"metric":{"epoch":null,"metricName":"sys.cpu.percent.04","metricValue":1.2,"step":null}},"type":"metric_msg"}
{"payload":{"local_timestamp":1674041635636,"metric":{"epoch":null,"metricName":"sys.cpu.percent.05","metricValue":6.0,"step":null}},"type":"metric_msg"}
{"payload":{"local_timestamp":1674041635636,"metric":{"epoch":null,"metricName":"sys.cpu.percent.06","metricValue":0.6,"step":null}},"type":"metric_msg"}
{"payload":{"local_timestamp":1674041635636,"metric":{"epoch":null,"metricName":"sys.cpu.percent.07","metricValue":4.8,"step":null}},"type":"metric_msg"}
{"payload":{"local_timestamp":1674041635637,"metric":{"epoch":null,"metricName":"sys.cpu.percent.08","metricValue":13.8,"step":null}},"type":"metric_msg"}
{"payload":{"local_timestamp":1674041635637,"metric":{"epoch":null,"metricName":"sys.cpu.percent.09","metricValue":4.8,"step":null}},"type":"metric_msg"}
{"payload":{"local_timestamp":1674041635637,"metric":{"epoch":null,"metricName":"sys.cpu.percent.10","metricValue":59.1,"step":null}},"type":"metric_msg"}
{"payload":{"local_timestamp":1674041635637,"metric":{"epoch":null,"metricName":"sys.cpu.percent.11","metricValue":3.6,"step":null}},"type":"metric_msg"}
{"payload":{"local_timestamp":1674041635637,"metric":{"epoch":null,"metricName":"sys.cpu.percent.12","metricValue":3.0,"step":null}},"type":"metric_msg"}
{"payload":{"local_timestamp":1674041635637,"metric":{"epoch":null,"metricName":"sys.cpu.percent.13","metricValue":0.0,"step":null}},"type":"metric_msg"}
{"payload":{"local_timestamp":1674041635637,"metric":{"epoch":null,"metricName":"sys.cpu.percent.14","metricValue":0.6,"step":null}},"type":"metric_msg"}
{"payload":{"local_timestamp":1674041635637,"metric":{"epoch":null,"metricName":"sys.cpu.percent.15","metricValue":1.2,"step":null}},"type":"metric_msg"}
{"payload":{"local_timestamp":1674041635637,"metric":{"epoch":null,"metricName":"sys.cpu.percent.16","metricValue":1.2,"step":null}},"type":"metric_msg"}
{"payload":{"local_timestamp":1674041635637,"metric":{"epoch":null,"metricName":"sys.cpu.percent.17","metricValue":0.0,"step":null}},"type":"metric_msg"}
{"payload":{"local_timestamp":1674041635637,"metric":{"epoch":null,"metricName":"sys.cpu.percent.18","metricValue":1.2,"step":null}},"type":"metric_msg"}
{"payload":{"local_timestamp":1674041635637,"metric":{"epoch":null,"metricName":"sys.cpu.percent.19","metricValue":0.6,"step":null}},"type":"metric_msg"}
{"payload":{"local_timestamp":1674041635637,"metric":{"epoch":null,"metricName":"sys.cpu.percent.20","metricValue":0.0,"step":null}},"type":"metric_msg"}
{"payload":{"local_timestamp":1674041635637,"metric":{"epoch":null,"metricName":"sys.ram.total","metricValue":134751895552,"step":null}},"type":"metric_msg"}
{"payload":{"local_timestamp":1674041635637,"metric":{"epoch":null,"metricName":"sys.ram.used","metricValue":1362178048,"step":null}},"type":"metric_msg"}
{"payload":{"local_timestamp":1674041635652,"stderr":true,"stdout":"Traceback (most recent call last):\n  File \"train.py\", line 634, in <module>\n"},"type":"ws_msg"}
{"payload":{"local_timestamp":1674041635653,"stderr":true,"stdout":"    main(opt)\n  File \"train.py\", line 528, in main\n    train(opt.hyp, opt, device, callbacks)\n  File \"train.py\", line 95, in train\n    loggers = Loggers(save_dir, weights, opt, hyp, LOGGER)  # loggers instance\n  File \"/home/student3/unaugmented_version/yolov5/utils/loggers/__init__.py\", line 139, in __init__\n    self.comet_logger = CometLogger(self.opt, self.hyp)\n  File \"/home/student3/unaugmented_version/yolov5/utils/loggers/comet/__init__.py\", line 97, in __init__\n    self.data_dict = self.check_dataset(self.opt.data)\n  File \"/home/student3/unaugmented_version/yolov5/utils/loggers/comet/__init__.py\", line 235, in check_dataset\n    if data_config['path'].startswith(COMET_PREFIX):\nKeyError: 'path'\n"},"type":"ws_msg"}
{"payload":{"local_timestamp":1674041635653,"stderr":true,"stdout":"COMET INFO: ----------------------------------\nCOMET INFO: Comet.ml OfflineExperiment Summary\nCOMET INFO: ----------------------------------\n"},"type":"ws_msg"}
{"payload":{"local_timestamp":1674041635653,"stderr":true,"stdout":"COMET INFO:   Data:\n"},"type":"ws_msg"}
{"payload":{"local_timestamp":1674041635653,"stderr":true,"stdout":"COMET INFO:     display_summary_level : 1\n"},"type":"ws_msg"}
{"payload":{"local_timestamp":1674041635653,"stderr":true,"stdout":"COMET INFO:     url                   : [OfflineExperiment will get URL after upload]\n"},"type":"ws_msg"}
{"payload":{"local_timestamp":1674041635653,"stderr":true,"stdout":"COMET INFO:   Others:\n"},"type":"ws_msg"}
{"payload":{"local_timestamp":1674041635653,"stderr":true,"stdout":"COMET INFO:     offline_experiment : True\n"},"type":"ws_msg"}
{"payload":{"local_timestamp":1674041635653,"stderr":true,"stdout":"COMET INFO:   Uploads:\n"},"type":"ws_msg"}
{"payload":{"local_timestamp":1674041635653,"stderr":true,"stdout":"COMET INFO:     environment details : 1\n"},"type":"ws_msg"}
{"payload":{"local_timestamp":1674041635653,"stderr":true,"stdout":"COMET INFO:     installed packages  : 1\n"},"type":"ws_msg"}
{"payload":{"local_timestamp":1674041635654,"stderr":true,"stdout":"COMET INFO:     os packages         : 1\n"},"type":"ws_msg"}
{"payload":{"local_timestamp":1674041635654,"stderr":true,"stdout":"COMET INFO: ----------------------------------\n"},"type":"ws_msg"}
{"payload":{"local_timestamp":1674041635654,"stderr":true,"stdout":"COMET WARNING: Experiment Name is generated at upload time for Offline Experiments unless set explicitly with Experiment.set_name\n"},"type":"ws_msg"}
{"payload":{"local_timestamp":1674041635654,"log_other":{"key":"sys.already_imported_modules","val":"[\"torch\", \"tensorboard\"]"}},"type":"ws_msg"}
{"payload":{"local_timestamp":1674041635654,"stderr":true,"stdout":"COMET WARNING: Comet has disabled auto-logging functionality as it has been imported after the following ML modules: torch, tensorboard. Metrics and hyperparameters can still be logged using Experiment.log_metrics() and Experiment.log_parameters()\n"},"type":"ws_msg"}
{"payload":{"local_timestamp":1674041635655,"metric":{"epoch":null,"metricName":"sys.gpu.0.free_memory","metricValue":11719409664,"step":null}},"type":"metric_msg"}
{"payload":{"local_timestamp":1674041635655,"metric":{"epoch":null,"metricName":"sys.gpu.0.gpu_utilization","metricValue":0,"step":null}},"type":"metric_msg"}
{"payload":{"local_timestamp":1674041635655,"metric":{"epoch":null,"metricName":"sys.gpu.0.power_usage","metricValue":9879,"step":null}},"type":"metric_msg"}
{"payload":{"local_timestamp":1674041635655,"metric":{"epoch":null,"metricName":"sys.gpu.0.temperature","metricValue":23,"step":null}},"type":"metric_msg"}
{"payload":{"local_timestamp":1674041635655,"metric":{"epoch":null,"metricName":"sys.gpu.0.used_memory","metricValue":91750400,"step":null}},"type":"metric_msg"}
{"payload":{"local_timestamp":1674041635655,"metric":{"epoch":null,"metricName":"sys.gpu.1.free_memory","metricValue":11717378048,"step":null}},"type":"metric_msg"}
{"payload":{"local_timestamp":1674041635655,"metric":{"epoch":null,"metricName":"sys.gpu.1.gpu_utilization","metricValue":0,"step":null}},"type":"metric_msg"}
{"payload":{"local_timestamp":1674041635655,"metric":{"epoch":null,"metricName":"sys.gpu.1.power_usage","metricValue":8428,"step":null}},"type":"metric_msg"}
{"payload":{"local_timestamp":1674041635655,"metric":{"epoch":null,"metricName":"sys.gpu.1.temperature","metricValue":25,"step":null}},"type":"metric_msg"}
{"payload":{"local_timestamp":1674041635655,"metric":{"epoch":null,"metricName":"sys.gpu.1.used_memory","metricValue":93782016,"step":null}},"type":"metric_msg"}
{"payload":{"local_timestamp":1674041635655,"metric":{"epoch":null,"metricName":"sys.gpu.2.free_memory","metricValue":11714101248,"step":null}},"type":"metric_msg"}
{"payload":{"local_timestamp":1674041635655,"metric":{"epoch":null,"metricName":"sys.gpu.2.gpu_utilization","metricValue":0,"step":null}},"type":"metric_msg"}
{"payload":{"local_timestamp":1674041635655,"metric":{"epoch":null,"metricName":"sys.gpu.2.power_usage","metricValue":15397,"step":null}},"type":"metric_msg"}
{"payload":{"local_timestamp":1674041635655,"metric":{"epoch":null,"metricName":"sys.gpu.2.temperature","metricValue":29,"step":null}},"type":"metric_msg"}
{"payload":{"local_timestamp":1674041635655,"metric":{"epoch":null,"metricName":"sys.gpu.2.used_memory","metricValue":97058816,"step":null}},"type":"metric_msg"}
{"payload":{"local_timestamp":1674041635655,"metric":{"epoch":null,"metricName":"sys.gpu.3.free_memory","metricValue":11717378048,"step":null}},"type":"metric_msg"}
{"payload":{"local_timestamp":1674041635655,"metric":{"epoch":null,"metricName":"sys.gpu.3.gpu_utilization","metricValue":0,"step":null}},"type":"metric_msg"}
{"payload":{"local_timestamp":1674041635655,"metric":{"epoch":null,"metricName":"sys.gpu.3.power_usage","metricValue":8434,"step":null}},"type":"metric_msg"}
{"payload":{"local_timestamp":1674041635655,"metric":{"epoch":null,"metricName":"sys.gpu.3.temperature","metricValue":21,"step":null}},"type":"metric_msg"}
{"payload":{"local_timestamp":1674041635655,"metric":{"epoch":null,"metricName":"sys.gpu.3.used_memory","metricValue":93782016,"step":null}},"type":"metric_msg"}
